time_ms;open;high;low;close;xau_compression;xau_failed;usdjpy_breakout;usdjpy_failed;us500_rebound;eurusd_trend
1767571200000;100.0;100.09;99.91;100.0;0;0;0;0;0;0
1767572100000;100.004572813611;100.10277698416238;99.91551427028168;100.00914562722203;0;0;0;0;0;0
1767573000000;100.01820966657746;100.12450642926241;99.93004098260339;100.0272737059329;0;0;0;0;0;0
1767573900000;100.04066742546847;100.15483550130548;99.95328678870263;100.05406114500406;0;0;0;0;0;0
1767574800000;100.07154626867221;100.1932583986551;99.98480438602562;100.08903139234036;0;0;0;0;0;0
1767575700000;100.11029767229782;100.23912611097343;100.02400179353715;100.13156395225529;0;0;0;0;0;0
1767576600000;100.15623536233832;100.29165904166771;100.07015450317502;100.18090677242137;0;0;0;0;0;0
1767577500000;100.2085490105786;100.34996224023776;100.12242025723388;100.23619124873582;0;0;0;0;0;0
1767578400000;100.26632039600707;100.41304293782257;100.17985614873406;100.29644954327831;0;0;0;0;0;0
1767579300000;100.32854170343013;100.47983003237036;100.24143769479355;100.36063386358195;0;0;0;0;0;0
1767580200000;100.39413558761473;100.54919513016127;100.30607949313374;100.4276373116475;0;0;0;0;0;0
1767581100000;100.46197659548042;100.61997471870566;100.37265703992102;100.49631587931334;0;0;0;0;0;0
1767582000000;100.5309135113561;100.69099302296924;100.44002926382849;100.56551114339887;0;0;0;0;0;0
1767582900000;100.5997921716684;100.76108508291162;100.50706131696424;100.63407319993793;0;0;0;0;0;0
1767583800000;100.66747828601852;100.82911958575119;100.57264715844707;100.70088337209913;0;0;0;0;0;0
1767584700000;100.7328798016228;100.89402099128333;100.63573147100965;100.76487623114649;0;0;0;0;0;0
1767585600000;100.79496835753851;100.95479050287973;100.6953304649813;100.82506048393051;0;0;0;0;0;0
1767586500000;100.85279939377871;101.01052546019666;100.75055114705718;100.88053830362692;0;0;0;0;0;0
1767587400000;100.90553050795606;101.06043676164246;100.80060866292793;100.9305227122852;0;0;0;0;0;0
1767588300000;100.95243768792373;101.10386396464992;100.8448413624746;100.97435266356226;0;0;0;0;0;0
1767589200000;100.99292909227435;101.14028775895373;100.88272328301916;101.01150552098645;0;0;0;0;0;0
1767590100000;101.02655610062664;101.1693395614295;100.91387379910415;101.04160668026682;0;0;0;0;0;0
1767591000000;101.05302141135746;101.19080803952113;100.93806424537507;101.0644361424481;0;0;0;0;0;0
1767591900000;101.07218402468689;101.20464243268215;100.95522138116921;101.07993190692568;0;0;0;0;0;0
1767592800000;101.08406101256753;101.2109526063103;100.9654276301085;101.0881901182094;0;0;0;0;0;0
1767593700000;101.08882604237367;101.21000583904429;100.96891809403162;101.08946196653795;0;0;0;0;0;0
1767594600000;101.08680468759289;101.20222041066226;100.96607440663338;101.08414740864782;0;0;0;0;0;0
1767595500000;101.07846662424572;101.18815612282637;100.95741555686087;101.07278583984362;0;0;0;0;0;0
1767596400000;101.0644148752611;101.16850194723172;100.94358587412545;101.05604391067858;0;0;0;0;0;0
1767597300000;101.04537232522348;101.144061054075;100.92534042546177;101.03470073976838;0;0;0;0;0;0
1767598200000;101.02216578355538;101.11573352696917;100.90352812771562;101.00963082734239;0;0;0;0;0;0
1767599100000;100.99570792417244;101.08449711741498;100.87907292458998;100.98178502100248;0;0;0;0;0;0
1767600000000;100.96697747292879;101.05138643173981;100.85295341797038;100.9521699248551;0;0;0;0;0;0
1767600900000;100.93699804987742;101.01747097522212;100.82618137457735;100.92182617489973;0;0;0;0;0;0
1767601800000;100.90681610077432;100.98383250128676;100.79977955201106;100.89180602664891;0;0;0;0;0;0
1767602700000;100.87747837080026;100.95475930219153;100.77154212771173;100.86315071495163;0;0;0;0;0;0
1767603600000;100.8500093827801;100.93209841477002;100.74163768644715;100.83686805060859;0;0;0;0;0;0
1767604500000;100.82538938205883;100.91271965820383;100.71510176881432;100.81391071350907;0;0;0;0;0;0
1767605400000;100.8045332006475;100.89747046194293;100.69284091362891;100.79515568778592;0;0;0;0;0;0
1767606300000;100.78827047447592;100.88710415986581;100.67566636246606;100.78138526116594;0;0;0;0;0;0
1767607200000;100.77732761996499;100.88226318319694;100.66427677433116;100.77326997876405;0;0;0;0;0;0
1767608100000;100.77231194022255;100.88346455129061;100.65924325207149;100.77135390168105;0;0;0;0;0;0
1767609000000;100.7736981877054;100.89108796168885;100.66099698577064;100.77604247372975;0;0;0;0;0;0
1767609900000;100.78181786006053;100.90536672771024;100.66981976507235;100.7875932463913;0;0;0;0;0;0
1767610800000;100.7968514500841;100.92638175358924;100.68583755396462;100.80610965377693;0;0;0;0;0;0
1767611700000;100.81882381045281;100.95405867504593;100.70901725921146;100.8315379671287;0;0;0;0;0;0
1767612600000;100.84760273031681;100.98816822839562;100.73916675861419;100.8636674935049;0;0;0;0;0;0
1767613500000;100.88290075529432;101.02832984522396;100.77593818894348;100.90213401708372;0;0;0;0;0;0
1767614400000;100.92428021620739;101.07401840360718;100.81883442705494;100.94642641533106;0;0;0;0;0;0
1767615300000;100.97116136639822;101.12457400219466;100.86721863273607;100.99589631746537;0;0;0;0;0;0
1767616200000;101.0228334639995;101.17921456151326;100.920326659554;101.04977061053363;0;0;0;0;0;0
1767617100000;101.07846857539401;101.23705099886283;100.97728208164597;101.1071665402544;0;0;0;0;0;0
1767618000000;101.1371378205131;101.29710467033516;101.03711353120843;101.1671091007718;0;0;0;0;0;0
1767618900000;101.19782973072518;101.35832672688284;101.09877399447424;101.22855036067854;0;0;0;0;0;0
1767619800000;101.25947034686943;101.41961899194227;101.16116167417839;101.29039033306033;0;0;0;0;0;0
1767620700000;101.32094464937786;101.47985593668191;101.22314199470885;101.35149896569538;0;0;0;0;0;0
1767621600000;101.38111888512593;101.53790730614661;101.28357030296631;101.41073880455646;0;0;0;0;0;0
1767622500000;101.43886333721662;101.59266093586805;101.34131480388547;101.46698786987676;0;0;0;0;0;0
1767623400000;101.49307507470819;101.64304529419213;101.3952792648871;101.51916227953961;0;0;0;0;0;0
1767624300000;101.5427002195329;101.68805129072695;101.44442502832544;101.5662381595262;0;0;0;0;0;0
1767625200000;101.58675527751585;101.72675290583827;101.48779188517277;101.60727239550552;0;0;0;0;0;0
1767626100000;101.62434709929512;101.75832621971854;101.52451738645091;101.64142180308473;0;0;0;0;0;0
1767627000000;101.65469106468102;101.78206645175331;101.55385420080131;101.66796032627731;0;0;0;0;0;0
1767627900000;101.67712712000957;101.79740266105144;101.5751851664322;101.68629391374182;0;0;0;0;0;0
1767628800000;101.69113334160976;101.80390980627705;101.5880357326783;101.69597276947768;0;0;0;0;0;0
1767629700000;101.69633674872863;101.80131791636069;101.59208353959849;101.69670072797959;0;0;0;0;0;0
1767630600000;101.69252114512027;101.7895181821889;101.58716494233299;101.68834156226094;0;0;0;0;0;0
1767631500000;101.67963182886581;101.76856584178307;101.57327834915827;101.67092209547067;0;0;0;0;0;0
1767632400000;101.65777707362439;101.73867979651236;101.55058430704385;101.6446320517781;0;0;0;0;0;0
1767633300000;101.62722635012068;101.70023896221606;101.51940233471048;101.60982064846327;0;0;0;0;0;0
1767634200000;101.58840532292005;101.66020456936366;101.47377542539004;101.56698999737685;0;0;0;0;0;0
1767635100000;101.54188772307604;101.61360635808263;101.41996453946787;101.51678544877525;0;0;0;0;0;0
1767636000000;101.48838426072362;101.56035398696105;101.35961215838293;101.45998307267199;0;0;0;0;0;0
1767636900000;101.42872880184134;101.50130979925869;101.29363926276271;101.3974745310107;0;0;0;0;0;0
1767637800000;101.36386208899219;101.4374350068463;101.2230642871011;101.3302496469737;0;0;0;0;0;0
1767638700000;101.29481333574313;101.36977054603057;101.14898350299455;101.25937702451256;0;0;0;0;0;0
1767639600000;101.22268006764264;101.29941636847943;101.07254985306602;101.18598311077272;0;0;0;0;0;0
1767640500000;101.14860661822362;101.2275095896233;100.99495066172578;101.11123012567454;0;0;0;0;0;0
1767641400000;101.0737617157708;101.15520193994108;100.91738467179304;101.03629330586706;0;0;0;0;0;0
1767642300000;100.99931561499349;101.08363697848426;100.84103886975561;100.96233792411994;0;0;0;0;0;0
1767643200000;100.92641723690048;101.01392753256312;100.76706556679895;100.89049654968103;0;0;0;0;0;0
1767644100000;100.85617177989718;100.94713382262779;100.69656019759887;100.82184701011333;0;0;0;0;0;0
1767645000000;100.78961925542433;100.88424271712186;100.63054028434878;100.75739150073532;0;0;0;0;0;0
1767645900000;100.72771438252718;100.82614853876154;100.56992598987654;100.69803726431904;0;0;0;0;0;0
1767646800000;100.67130824797299;100.77363581177633;100.51552265147757;100.64457923162695;0;0;0;0;0;0
1767647700000;100.6211321024869;100.72736429978916;100.46800564690453;100.59768497334684;0;0;0;0;0;0
1767648600000;100.57778362008762;100.68785663702965;100.42790789662709;100.55788226682837;0;0;0;0;0;0
1767649500000;100.54171589726263;100.65548880242386;100.3956102529699;100.52554952769688;0;0;0;0;0;0
1767650400000;100.51322941285146;100.63048362787096;100.37133496814108;100.50090929800602;0;0;0;0;0;0
1767651300000;100.49246710914345;100.61290746989266;100.35514237066909;100.48402492028087;0;0;0;0;0;0
1767652200000;100.4794126910742;100.60267010909085;100.34693081464418;100.47480046186752;0;0;0;0;0;0
1767653100000;100.4738921748166;100.59952787579574;100.34643989973561;100.47298388776568;0;0;0;0;0;0
1767654000000;100.47557865084724;100.6030899342786;100.353256893579;100.4781734139288;0;0;0;0;0;0
1767654900000;100.4840001610735;100.6128275932862;100.36682622315018;100.48982690821819;0;0;0;0;0;0
1767655800000;100.49855052616684;100.62808644874815;100.38646183948285;100.5072741441155;0;0;0;0;0;0
1767656700000;100.51850289915569;100.64810110657598;100.41136220181582;100.5297316541959;0;0;0;0;0;0
1767657600000;100.54302576581057;100.67201218069678;100.4406275741537;100.55631987742524;0;0;0;0;0;0
1767658500000;100.57120106253689;100.69888521492128;100.47327928037579;100.58608224764853;0;0;0;0;0;0
1767659400000;100.60204403939123;100.72773113788658;100.50828052438125;100.61800583113391;0;0;0;0;0;0
1767660300000;100.63452446033271;100.75752782894119;100.54455835012186;100.65104308953153;0;0;0;0;0;0
1767661200000;100.6675887056367;100.78724235009443;100.58102629338936;100.6841343217419;0;0;0;0;0;0
1767662100000;100.7001823230853;100.81585338549871;100.61660726335867;100.7162303244287;0;0;0;0;0;0
1767663000000;100.73127256548297;100.84237342565167;100.65025618742281;100.74631480653724;0;0;0;0;0;0
1767663900000;100.75987045240896;100.86587023868199;100.68098195787937;100.77342609828068;0;0;0;0;0;0
1767664800000;100.7850519039037;100.88786823343833;100.70548718561514;100.79667770952673;0;0;0;0;0;0
1767665700000;100.80597751279562;100.91009267202274;100.72046196010628;100.81527731606451;0;0;0;0;0;0
1767666600000;100.82191055021833;100.9269442034472;100.73014336529714;100.82854378437217;0;0;0;0;0;0
1767667500000;100.83223283498012;100.93783799062902;100.73400578054711;100.83592188558806;0;0;0;0;0;0
1767668400000;100.8364581410904;100.94232777519784;100.73166101798768;100.83699439659276;0;0;0;0;0;0
1767669300000;100.83424286803408;100.94011535675754;100.72286732219327;100.8314913394754;0;0;0;0;0;0
1767670200000;100.82539375428631;100.93105701353278;100.70753532466162;100.8192961690972;0;0;0;0;0;0
1767671100000;100.8098724749419;100.91516673450985;100.68573082706334;100.8004487807866;0;0;0;0;0;0
1767672000000;100.787797027961;100.89261619818747;100.65767435208339;100.77514527513543;0;0;0;0;0;0
1767672900000;100.75943987911177;100.86373149936234;100.62373746681384;100.74373448308809;0;0;0;0;0;0
1767673800000;100.7252229018834;100.8289866916391;100.58443594971828;100.70671132067869;0;0;0;0;0;0
1767674700000;100.68570921410189;100.78899427822233;100.54041993682782;100.66470710752508;0;0;0;0;0;0
1767675600000;100.64159207636904;100.74449284570126;100.49246124472474;100.618477045213;0;0;0;0;0;0
1767676500000;100.59368107747471;100.69633209370951;100.44143812576337;100.56888510973644;0;0;0;0;0;0
1767677400000;100.54288588737624;100.64545556634877;100.38831776368332;100.51688666501605;0;0;0;0;0;0
1767678300000;100.49019790806878;100.5928814380284;100.33413686421463;100.46350915112151;0;0;0;0;0;0
1767679200000;100.43667019567287;100.53968174594101;100.27998073450743;100.40983124022422;0;0;0;0;0;0
1767680100000;100.38339606246248;100.48696049296275;100.2269612764387;100.35696088470073;0;0;0;0;0;0
1767681000000;100.33148679462842;100.4358310676947;100.17619434141754;100.30601270455612;0;0;0;0;0;0
1767681900000;100.28204893976515;100.38739344218288;100.12877690776546;100.25808517497417;0;0;0;0;0;0
1767682800000;100.23616162701228;100.34271161228911;100.08576454581167;100.21423807905039;0;0;0;0;0;0
1767683700000;100.19485438229441;100.30279174064506;100.04814963043182;100.17547068553844;0;0;0;1;0;0
1767684600000;100.15908589119128;100.26856144771139;100.01684074597688;100.14270109684414;0;0;0;1;0;0
1767685500000;100.12972414283848;100.2408506729776;99.99264370468806;100.11674718883283;0;0;-1;0;0;0
1767686400000;100.1075283602947;100.22037449625846;99.97624456725468;100.09830953175657;0;0;-1;0;0;0
1767687300000;100.09313308658503;100.20771826902228;99.96819501380469;100.08795664141348;0;0;-1;0;0;0
1767688200000;100.08703475187782;100.20332535854328;99.96890036614107;100.08611286234218;0;0;-1;0;0;0
1767689100000;100.08958099686716;100.20748775436758;99.97861050841666;100.09304913139212;0;0;-1;0;0;0
1767690000000;100.10096297143853;100.22033972820495;99.99741389476492;100.10887681148493;0;0;-1;0;0;0
1767690900000;100.12121076723466;100.24185467610044;100.02523476986829;100.13354472298437;0;0;0;1;0;0
1767691800000;100.15019207903931;100.27184520686734;100.06183366332121;100.16683943509427;0;0;0;1;0;0
1767692700000;100.18761412426137;100.30996647460177;100.10681115225518;100.20838881342847;0;0;0;1;0;0
1767693600000;100.2330287835611;100.3557226869964;100.15961482039107;100.25766875369374;0;0;0;1;0;0
1767694500000;102.0858408601699;104.21401296664605;100.01401296664606;102.11401296664606;0;0;1;0;0;0
1767695400000;102.14531929204253;102.26746219919386;102.08578903568417;102.17662561743902;0;0;1;0;0;0
1767696300000;102.21061109094313;102.33739399990442;102.15179912899008;102.24459656444725;0;0;1;0;0;0
1767697200000;102.28075772712238;102.41332723908339;102.2205105405116;102.31691888979749;0;0;1;0;0;0
1767698100000;102.35471362852503;102.4924747052677;102.29254202923748;102.39250836725259;0;0;1;0;0;0
1767699000000;102.43136642048549;102.5736664907434;102.36678245669334;102.47022447371837;0;0;1;0;0;0
1767699900000;102.50955849649974;102.65569920075416;102.44208583780804;102.5488925192811;0;0;1;0;0;0
1767700800000;102.58810948362742;102.73735899133443;102.51729390461308;102.62732644797376;0;0;0;0;0;0
1767701700000;102.6658391479242;102.81744480890274;102.59125888684656;102.70435184787465;0;0;0;0;0;0
1767702600000;102.74159027640647;102.89479136412001;102.66286604575654;102.77882870493828;0;0;0;0;0;0
1767703500000;102.81425107258545;102.96829137786976;102.73105550259548;102.84967344023262;0;0;0;0;0;0
1767704400000;102.88277661256625;103.0369166519532;102.79484291784651;102.91587978489986;0;0;0;0;0;0
1767705300000;102.94620892788589;103.09973754091432;102.85333860082953;102.97653807087192;0;0;0;0;0;0
1767706200000;103.00369530927316;103.15594043383231;102.90576466151643;103.03085254767437;0;0;0;0;0;0
1767707100000;103.05450446177885;103.20484289528407;102.95146985648257;103.07815637588332;0;0;0;0;0;0
1767708000000;103.09804018551269;103.24590616216442;102.98994182811968;103.11792399514205;0;0;0;0;0;0
1767708900000;103.13385230663611;103.27874474669392;103.02081648956644;103.14978061813018;0;0;0;0;0;0
1767709800000;103.16164463927572;103.30313295464904;103.04388436619345;103.17350866042125;0;0;0;0;0;0
1767710700000;103.18127981949542;103.31900819042602;103.05909376671315;103.18905097856958;0;0;0;0;0;0
1767711600000;103.19278091616704;103.32647098572313;103.06655072180583;103.19651085376448;0;0;0;0;0;0
1767712500000;103.19632978920934;103.32578175507223;103.06651569423619;103.19614872465421;0;0;0;0;0;0
1767713400000;103.19226223188933;103.31735434781622;103.05939713043271;103.18837573912447;0;0;0;0;0;0
1767714300000;103.18105999934575;103.30174653106711;103.04574198806695;103.17374425956703;0;0;0;0;0;0
1767715200000;103.16333988887168;103.27964760036616;103.02622343598648;103.15293551817632;0;0;0;0;0;0
1767716100000;103.13984009748829;103.25186337294143;103.00162598065909;103.12674467680026;0;0;0;0;0;0
1767717000000;103.11140413773354;103.21929887143392;102.97282832589971;103.09606359866682;0;0;0;0;0;0
1767717900000;103.07896264225009;103.18293905266636;102.94078431900037;103.06186168583336;0;0;0;0;0;0
1767718800000;103.04351343067388;103.14382797550763;102.90650237552117;103.0251651755144;0;0;0;0;0;0
1767719700000;103.00610024762439;103.10304683334066;102.8710238061281;102.98703531973437;0;0;0;0;0;0
1767720600000;102.96779060756153;103.06169129943218;102.83540049134517;102.94854589538868;0;0;0;0;0;0
1767721500000;102.92965320035255;103.02084864716845;102.80067236346439;102.91076050531642;0;0;0;0;0;0
1767722400000;102.89273532021755;102.98157511138373;102.76784515885362;102.87471013511868;0;0;0;0;0;0
1767723300000;102.85804078011486;102.94487395178525;102.73786889843682;102.84137142511103;0;0;0;0;0;0
1767724200000;102.82650876360027;102.91167466487559;102.71161753930343;102.81164610208951;0;0;0;0;0;0
1767725100000;102.79899404695165;102.88281376709217;102.68987021653537;102.78634199181377;0;0;0;0;0;0
1767726000000;102.77624899628479;102.85901753960619;102.67329446190544;102.76615600075581;0;0;0;0;0;0
1767726900000;102.75890770807106;102.8424317457626;102.66088708501;102.7516594153863;0;0;0;0;0;0
1767727800000;102.7474726176402;102.83768564099611;102.64888599879208;102.7432858198941;0;0;0;0;0;0
1767728700000;102.7423038498094;102.83931285443047;102.64333090501891;102.7413218797247;0;0;0;0;0;0
1767729600000;102.74361152974683;102.84741731243555;102.64438504710235;102.74590117976895;0;0;0;0;0;0
1767730500000;102.75145121169952;102.86194742513662;102.65205506212358;102.7570012436301;0;0;0;0;0;0
1767731400000;102.76572251952231;102.88269658864665;102.66619100218237;102.77444379541451;0;0;0;0;0;0
1767732300000;102.78617102733512;102.9093069185449;102.68648959996654;102.79789825925572;0;0;0;0;0;0
1767733200000;102.81239334244864;102.94127614173907;102.71250070954407;102.82688842564157;0;0;0;0;0;0
1767734100000;102.8438452872799;102.9779675092226;102.74363678861388;102.86080214891824;0;0;0;0;0;0
1767735000000;102.87985301366497;103.0186225303896;102.77918522643382;102.89890387841172;0;0;0;0;0;0
1767735900000;102.91962682305558;103.06237627176226;102.81832326363666;102.94034976769946;0;0;0;0;0;0
1767736800000;102.9622774107804;103.10827491039484;102.86013519732782;102.98420505386133;0;0;0;0;0;0
1767737700000;103.00683420298859;103.1552951859225;102.90363151830921;103.02946335211585;0;0;0;0;0;0
1767738600000;103.05226541208285;103.2023653561624;102.94776958793727;103.07506747204984;0;0;0;0;0;0
1767739500000;103.09749940126306;103.2483872301515;102.99147543080112;103.1199313304763;0;0;0;0;0;0
1767740400000;103.14144692195983;103.29225883015063;103.03366619673604;103.16296251344333;0;0;0;0;0;0
1767741300000;103.18302376998327;103.33289722091895;103.07327283212744;103.2030850265232;0;0;0;0;0;0
1767742200000;103.2211733975172;103.36926104073522;103.10926249628717;103.2392617685112;0;0;0;0;0;0
1767743100000;103.25488901882461;103.40037227429691;103.14066026397914;103.27051626913803;0;0;0;0;0;0
1767744000000;103.28323475768812;103.42533682264866;103.16656966982777;103.29595324623821;0;0;0;0;0;0
1767744900000;103.30536540397765;103.44336344937739;103.1861916740568;103.3147775617171;0;0;0;0;0;0
1767745800000;103.32054437492587;103.45378071497308;103.19884166129623;103.32631118813465;0;0;0;0;0;0
1767746700000;103.32815951312435;103.45605155182906;103.20396412439902;103.33000783811404;0;0;0;0;0;0
1767747600000;103.32773639718903;103.44978518002043;103.2011447325076;103.32546495626401;0;0;0;0;0;0
1767748500000;103.31894889158724;103.43474611778474;103.19011953603622;103.31243282691048;0;0;0;0;0;0
1767749400000;103.30162671824073;103.41086009944185;103.17078111970012;103.29082060957099;0;0;0;0;0;0
1767750300000;103.27575989307724;103.37821677613513;103.14318157703187;103.2606991765835;0;0;0;0;0;0
1767751200000;103.2414999344637;103.33706913997915;103.10753224470866;103.22230069234391;0;0;0;0;0;0
1767752100000;103.19915781611746;103.28782967863324;103.06420020114882;103.17601493989103;0;0;0;0;0;0
1767753000000;103.14919870332223;103.231063333636;103.01370159987081;103.12238246675341;0;0;0;0;0;0
1767753900000;103.09223357672165;103.16747740068134;102.95669197269847;103.0620846866899;0;0;0;0;0;0
1767754800000;103.0290079112948;103.09790857207547;102.89395369972395;102.99593113589971;0;0;0;0;0;0
1767755700000;102.96038763804108;103.02330737962086;102.82638090074408;102.92484414018247;0;0;0;0;0;0
1767756600000;102.88734267120061;102.94472034894977;102.75496205548771;102.84984120221874;0;0;0;0;0;0
1767757500000;102.81092833337937;102.86327022280037;102.68076070627964;102.77201546454;0;0;0;0;0;0
1767758400000;102.73226505373076;102.78489463589499;102.60013464994806;102.69251464292152;0;0;0;0;0;0
1767759300000;102.65251674949182;102.70851394444865;102.51652376767562;102.61251885606214;0;0;0;0;0;0
1767760200000;102.57286832797075;102.63277847160725;102.43365712815148;102.53321779987937;0;0;0;0;0;0
1767761100000;102.49450276398326;102.55883502374273;102.35274043243162;102.45578772808717;0;0;0;0;0;0
1767762000000;102.41857821637694;102.48779486960208;102.27494253973131;102.3813687046667;0;0;0;0;0;0
1767762900000;102.34620564648645;102.42071196256053;102.20137321405188;102.31104258830621;0;0;0;0;0;0
1767763800000;102.27842739114747;102.35856233267289;102.13306205530459;102.24581219398874;0;0;0;0;0;0
1767764700000;102.21619712346792;102.30222506783909;102.07093903805512;102.1865820529471;0;0;0;0;0;0
1767765600000;102.16036160631114;102.25246527094625;102.01581704840409;102.13414115967517;0;0;0;0;0;0
1767766500000;102.11164460695935;102.20991933949965;101.9683767689874;102.08914805424352;0;0;0;0;0;0
1767767400000;102.0706332974421;102.17508286683433;101.92915421444702;102.05211854064068;0;0;0;0;0;0
1767768300000;102.03776741442846;102.14830141047352;101.89853116595896;102.02341628821624;0;0;0;0;0;0
1767769200000;102.01333139642466;102.12976431466218;101.87672869460398;102.00324650463308;0;0;0;0;0;0
1767770100000;101.99744965543415;102.11950171174732;101.86380390072316;101.99165280623524;0;0;0;0;0;0
1767771000000;101.99008507645864;102.11738476217337;101.85964993119072;101.98851734668204;0;0;0;1;0;0
1767771900000;101.99104077254627;102.12312912673501;101.86399927008598;101.9935641984105;0;0;0;1;0;0
1767772800000;101.99996505686435;102.13630159873;101.87643023190643;102.00636591531821;0;0;0;1;0;0
1767773700000;102.01635952783715;102.15632975912726;101.8963765215849;102.02635314035608;0;0;0;1;0;0
1767774600000;102.03959010007833;102.18251445612744;101.92313966347372;102.05282705980058;0;0;0;0;0;0
1767775500000;102.0689007539516;102.21404485280385;101.95590404340138;102.08497444810261;0;0;0;0;0;0
1767776400000;102.10342972133144;102.25001573404813;101.99375425507242;102.12188499456028;0;0;0;0;0;0
1767777300000;102.14222777563539;102.28944671787852;102.03569439554252;102.16257055671052;0;0;0;0;0;0
1767778200000;102.1842782514666;102.3313029772414;102.0806689152039;102.20598594622265;0;0;0;0;0;0
1767779100000;102.22851838411204;102.37451704754287;102.12758459645997;102.25105082200142;0;0;0;0;0;0
1767780000000;102.27386153240184;102.41801127291991;102.1753332126846;102.29667224280226;0;0;0;0;0;0
1767780900000;102.31921983059188;102.46072043115214;102.22281440561085;102.3417674183815;0;0;0;0;0;0
1767781800000;102.36352680635109;102.50161407339579;102.26895831524556;102.38528619432067;0;0;0;0;0;0
1767782700000;102.40575950278779;102.5397181206682;102.31274750184161;102.4262328112549;0;0;0;0;0;0
1767783600000;102.4449596527206;102.5741352741079;102.35323771426471;102.4636864941863;0;0;0;0;0;0
1767784500000;102.48025347287782;102.60406382017595;102.38957708296272;102.49682045156933;0;0;0;0;0;0
1767785400000;102.51086967399816;102.62881444465847;102.42102334819549;102.52491889642698;0;0;0;0;0;0
1767786300000;102.53615531932824;102.64782470991287;102.44695877454615;102.54739174222951;0;0;0;0;0;0
1767787200000;102.55558920802333;102.66067089744476;102.46690245018954;102.56378667381715;0;0;0;0;0;0
1767788100000;102.56879251056108;102.66707697163942;102.48051972297061;102.57379834730501;0;0;0;0;0;0
1767789000000;102.57553643944176;102.66762858395015;102.4869204792069;102.57727453157852;0;0;0;0;0;0
1767789900000;102.57574679902706;102.6682028715152;102.48023526143598;102.57421906647559;0;0;0;0;0;0
1767790800000;102.56950532212986;102.66237223415183;102.46721092141641;102.56479157778412;0;0;0;0;0;0
1767791700000;102.55704776660899;102.65041885621258;102.44818905465513;102.54930395543386;0;0;0;0;0;0
1767792600000;102.53875881140738;102.63277101713264;102.42365631762918;102.52821366738091;0;0;0;0;0;0
1767793500000;102.51516385685218;102.60999361920696;102.39423447343995;102.50211404632346;0;0;0;0;0;0
1767794400000;102.48691789727697;102.58277588091914;102.36066761554179;102.47172174823046;0;0;0;0;0;0
1767795300000;102.45479169384132;102.55191645065187;102.32380682825249;102.43786163945218;0;0;0;0;0;0
1767796200000;102.41965553059244;102.5183062482278;102.28459259523758;102.40144942173269;0;0;0;0;0;0
1767797100000;102.38246088621179;102.48290938805867;102.24403531332312;102.3634723506909;0;0;0;0;0;0
1767798000000;102.34422039651243;102.44674257677677;102.20319430789111;102.32496844233394;0;0;0;0;0;0
1767798900000;102.30598651772739;102.41085340928785;102.16315577695383;102.28700459312084;0;0;0;0;0;0
1767799800000;102.2688293272474;102.37629800958969;102.12501011315827;102.25065406137398;0;0;0;0;0;0
1767800700000;102.23381391618028;102.34411847598815;102.08982906598499;102.21697377098657;0;0;0;0;0;0
1767801600000;102.20197783655728;102.31532059424357;102.05864321001239;102.18698190212798;0;0;0;0;0;0
1767802500000;102.17430906502831;102.2908522766183;102.03242017923895;102.16163622792862;0;0;0;0;0;0
1767803400000;102.15172493448809;102.27158316988294;102.01204411221215;102.14181364104755;0;0;0;0;0;0
1767804300000;102.13505246547253;102.25828585138363;101.9982967284114;102.12829128989752;0;0;0;0;0;0
1767805200000;102.12501050075531;102.25161899976142;101.99184042346478;102.1217297116131;0;0;0;0;0;0
1767806100000;102.12219400993911;102.2521128865157;101.99320373001453;102.12265830826512;0;0;0;0;0;0
1767807000000;102.12706088671987;102.26015748713772;102.00276944321155;102.13146346517463;0;0;0;0;0;0
1767807900000;102.13992151080377;102.27599345698017;102.02076565588565;102.14837955643291;0;0;0;0;0;0
1767808800000;102.16093129020884;102.29970615846503;102.04725988950449;102.17348302398476;0;0;0;0;0;0
1767809700000;102.19008633903158;102.33122286386117;102.08215644429563;102.2066896540784;0;0;0;0;0;0
1767810600000;102.2272223819391;102.37031319295838;102.12519702664122;102.2477551097998;0;0;0;0;0;0
1767811500000;102.27201691095915;102.41659277884783;102.17596464538919;102.29627871211851;0;0;0;0;0;0
1767812400000;102.32399455392277;102.46953008904345;102.23389070241066;102.35171039572705;0;0;0;0;0;0
1767813300000;102.3825355485149;102.52845626468533;102.29826513792014;102.41336070130274;0;0;0;0;0;0
1767814200000;102.44688715264054;102.59257777887593;102.36824942908076;102.48041360397835;0;0;0;0;0;0
1767815100000;102.51617776200666;102.66099165756725;102.44289218250273;102.55194192003499;0;0;0;0;0;0
1767816000000;102.58943345066935;102.73270295402028;102.52114700858712;102.6269249813037;0;0;0;0;0;0
1767816900000;102.66559660092855;102.80664412176554;102.60189231934123;102.70426822055339;0;0;0;0;0;0
1767817800000;100.94354624637232;103.08282427219123;98.88282427219124;100.98282427219124;0;0;0;0;0;0
1767818700000;101.02211971694699;101.15670923170664;100.96612109169881;101.06141516170273;0;1;0;0;0;0
1767819600000;101.10013514837178;101.23052793257443;101.04718233750722;101.13885513504083;0;1;0;0;0;0
1767820500000;101.17641440056572;101.30593595628174;101.12201137589948;101.21397366609061;0;0;0;0;0;0
1767821400000;101.249805921372;101.3812193484608;101.19005700484601;101.2856381766534;0;0;0;0;0;0
1767822300000;101.31920709292095;101.45192996898338;101.2536220493936;101.35277600918849;0;0;0;0;0;0
1767823200000;101.38358560844547;101.51704635501248;101.3117440603924;101.41439520770244;0;0;0;0;0;0
1767824100000;101.44199944704052;101.57564753825503;101.36355983450213;101.46960368637858;0;0;0;0;0;0
1767825000000;101.49361504233808;101.62693045221617;101.40832234437896;101.51762639829757;0;0;0;0;0;0
1767825900000;101.5377232777734;101.67022498541843;101.44541532908002;101.55782015724922;0;0;0;0;0;0
1767826800000;101.57375298529766;101.70500637938491;101.47436524730725;101.58968581334608;0;0;0;0;0;0
1767827700000;101.60128167514807;101.73090472406153;101.49485034983857;101.61287753695005;0;0;0;0;0;0
1767828600000;101.62004328058437;101.74771136223785;101.5067066861995;101.62720902421867;0;0;0;0;0;0
1767829500000;101.62993276219392;101.75538207722263;101.50993092311572;101.63265650016918;0;0;0;0;0;0
1767830400000;101.63100748022094;101.75403700326139;101.50467991728404;101.62935846027271;0;0;0;0;0;0
1767831300000;101.62348530908648;101.74395726462352;101.49126705117693;101.61761215790023;0;0;0;0;0;0
1767832200000;101.60773953449845;101.72557841558307;101.47015540661027;101.59786691109667;0;0;0;0;0;0
1767833100000;101.58429063895441;101.69948081832175;101.44194791530256;101.57071436681215;0;0;0;0;0;0
1767834000000;101.55379514468224;101.66637715777763;101.40737468732705;101.53687592255234;0;0;0;0;0;0
1767834900000;101.51703174285876;101.62709735038707;101.36727777594326;101.49718756316517;0;0;0;0;0;0
1767835800000;101.47488499307332;101.58257115634284;101.32259368962009;101.45258242298146;0;0;0;0;0;0
1767836700000;101.4283269263425;101.53380885134905;101.27433400805805;101.40407142970355;0;0;0;0;0;0
1767837600000;101.37839692752594;101.48188035294892;101.22356449774774;101.35272242534833;0;0;0;0;0;0
1767838500000;101.32618030787796;101.42789322754378;101.1713831532714;101.29963819040759;0;0;0;0;0;0
1767839400000;101.27278600498354;101.3729700265788;101.1188976125402;101.2459338195595;0;0;0;0;0;0
1767840300000;101.21932386493032;101.31822541359186;101.06720240701041;101.19271391030114;0;0;0;0;0;0
1767841200000;101.16688196990383;101.26474354763835;101.01735651137469;101.14105002950652;0;0;0;0;0;0
1767842100000;101.11650447329072;101.21355618294355;100.97036165120629;101.09195891707492;0;0;0;0;0;0
1767843000000;101.06917039385722;101.16562192961139;100.92714181166765;101.04638187063952;0;0;0;0;0;0
1767843900000;101.02577380085314;101.12180709614405;100.88852436598948;101.00516573106677;0;0;0;0;0;0
1767844800000;100.03351034018903;100.53351034018903;99.53351034018903;100.03351034018903;0;0;0;0;0;-1
1767845700000;99.98687980290691;100.48687980290691;99.48687980290691;99.98687980290691;0;0;0;0;0;0
1767846600000;99.9523119143253;100.4523119143253;99.4523119143253;99.9523119143253;0;0;0;0;0;0
1767847500000;99.96158823178813;100.46158823178813;99.46158823178813;99.96158823178813;0;0;0;0;0;0
1767848400000;100.00618015180001;100.50618015180001;99.50618015180001;100.00618015180001;0;0;0;0;0;0
1767849300000;100.0450900687482;100.5450900687482;99.5450900687482;100.0450900687482;0;0;0;0;0;0
1767850200000;100.04254438443279;100.54254438443279;99.54254438443279;100.04254438443279;0;0;0;0;0;0
1767851100000;100.00088358927337;100.50088358927337;99.50088358927337;100.00088358927337;0;0;0;0;0;0
1767852000000;99.95841042621089;100.45841042621089;99.45841042621089;99.95841042621089;0;0;0;0;0;0
1767852900000;99.95417452548998;100.45417452548998;99.45417452548998;99.95417452548998;0;0;0;0;0;0
1767853800000;99.99207035469857;100.49207035469857;99.49207035469857;99.99207035469857;0;0;0;0;0;0
1767854700000;100.03725666322786;100.53725666322786;99.53725666322786;100.03725666322786;0;0;0;0;0;0
1767855600000;100.04818936740337;100.54818936740337;99.54818936740337;100.04818936740337;0;0;0;0;0;0
1767856500000;100.01481698942487;100.51481698942487;99.51481698942487;100.01481698942487;0;0;0;0;0;0
1767857400000;99.96782193970118;100.46782193970118;99.46782193970118;99.96782193970118;0;0;0;0;0;0
1767858300000;99.9504112502195;100.4504112502195;99.4504112502195;99.9504112502195;0;0;0;0;0;0
1767859200000;99.97859222859577;100.47859222859577;99.47859222859577;99.97859222859577;0;0;0;0;0;0
1767860100000;100.02645541327409;100.52645541327409;99.52645541327409;100.02645541327409;0;0;0;0;0;0
1767861000000;100.0499956129936;100.5499956129936;99.5499956129936;100.0499956129936;0;0;0;0;0;0
1767861900000;100.02757007669337;100.52757007669337;99.52757007669337;100.02757007669337;0;0;0;0;0;0
1767862800000;99.97979673902718;100.47979673902718;99.47979673902718;99.97979673902718;0;0;0;0;0;0
1767863700000;99.9505981863273;100.4505981863273;99.4505981863273;99.9505981863273;0;0;0;0;0;0
1767864600000;99.96681943328996;100.46681943328996;99.46681943328996;99.96681943328996;0;0;0;0;0;0
1767865500000;100.01354674026581;100.51354674026581;99.51354674026581;100.01354674026581;0;0;0;0;0;0
1767866400000;100.04781923671527;100.54781923671527;99.54781923671527;100.04781923671527;0;0;0;0;0;0
1767867300000;100.03812694745842;100.53812694745842;99.53812694745842;100.03812694745842;0;0;0;0;0;0
1767868200000;99.99338091853973;100.49338091853973;99.49338091853973;99.99338091853973;0;0;0;0;0;0
1767869100000;99.95472044259014;100.45472044259014;99.45472044259014;99.95472044259014;0;0;0;0;0;0
1767870000000;99.9576897829058;100.4576897829058;99.4576897829058;99.9576897829058;0;0;0;0;0;0
1767870900000;99.9995589416943;100.4995589416943;99.4995589416943;99.9995589416943;0;0;0;0;0;0
1767871800000;100.04183360745502;100.54183360745502;99.54183360745502;100.04183360745502;0;0;0;0;0;0
1767872700000;100.04564664744714;100.54564664744714;99.54564664744714;100.04564664744714;0;0;0;0;0;0
1767873600000;100.00749237028667;100.50749237028667;99.50749237028667;100.00749237028667;0;0;0;0;0;0
1767874500000;99.96244964243746;100.46244964243746;99.46244964243746;99.96244964243746;0;0;0;0;0;0
1767875400000;99.95193054015891;100.45193054015891;99.45193054015891;99.95193054015891;0;0;0;0;0;0
1767876300000;99.98560627757458;100.48560627757458;99.48560627757458;99.98560627757458;0;0;0;0;0;0
1767877200000;100.03251553700812;100.53251553700812;99.53251553700812;100.03251553700812;0;0;0;0;0;0
1767878100000;100.0495301616695;100.5495301616695;99.5495301616695;100.0495301616695;0;0;0;0;0;0
1767879000000;100.02100698411196;100.52100698411196;99.52100698411196;100.02100698411196;0;0;0;0;0;0
1767879900000;99.97317008224057;100.47317008224057;99.47317008224057;99.97317008224057;0;0;0;0;0;0
1767880800000;99.9500004830247;100.4500004830247;99.4500004830247;99.9500004830247;0;0;0;0;0;0
1767881700000;99.97280020913132;100.47280020913132;99.47280020913132;99.97280020913132;0;0;0;0;0;0
1767882600000;100.02060729752435;100.52060729752435;99.52060729752435;100.02060729752435;0;0;0;0;0;0
1767883500000;100.04946813160892;100.54946813160892;99.54946813160892;100.04946813160892;0;0;0;0;0;0
1767884400000;100.03284819362622;100.53284819362622;99.53284819362622;100.03284819362622;0;0;0;0;0;0
1767885300000;99.98602777791078;100.48602777791078;99.48602777791078;99.98602777791078;0;0;0;0;0;0
1767886200000;99.95205335874797;100.45205335874797;99.45205335874797;99.95205335874797;0;0;0;0;0;0
1767887100000;99.962160860435;100.462160860435;99.462160860435;99.962160860435;0;0;0;0;0;0
1767888000000;100.00705749253397;100.50705749253397;99.50705749253397;100.00705749253397;0;0;0;0;0;0
1767888900000;100.04546549854449;100.54546549854449;99.54546549854449;100.04546549854449;0;0;0;0;0;0
1767889800000;100.0420727348681;100.5420727348681;99.5420727348681;100.0420727348681;0;0;0;0;0;0
1767890700000;99.99999849278234;100.49999849278234;99.49999849278234;99.99999849278234;0;0;0;0;0;0
1767891600000;99.95792563642554;100.45792563642554;99.45792563642554;99.95792563642554;0;0;0;0;0;0
1767892500000;99.95453575590324;100.45453575590324;99.45453575590324;99.95453575590324;0;0;0;0;0;0
1767893400000;99.99294549173439;100.49294549173439;99.49294549173439;99.99294549173439;0;0;0;0;0;0
1767894300000;100.03784110993142;100.53784110993142;99.53784110993142;100.03784110993142;0;0;0;0;0;0
1767895200000;100.04794578617071;100.54794578617071;99.54794578617071;100.04794578617071;0;0;0;0;0;0
1767896100000;100.01396932771797;100.51396932771797;99.51396932771797;100.01396932771797;0;0;0;0;0;0
1767897000000;99.9671495337842;100.4671495337842;99.4671495337842;99.9671495337842;0;0;0;0;0;0
1767897900000;99.95053230699153;100.45053230699153;99.45053230699153;99.95053230699153;0;0;0;0;0;0
1767898800000;99.97939544901891;100.47939544901891;99.47939544901891;99.97939544901891;0;0;0;0;0;0
1767899700000;100.02720232019554;100.52720232019554;99.52720232019554;100.02720232019554;0;0;0;0;0;0
1767900600000;100.04999950363433;100.54999950363433;99.54999950363433;100.04999950363433;0;0;0;0;0;0
1767901500000;100.02682737401624;100.52682737401624;99.52682737401624;100.02682737401624;0;0;0;0;0;0
1767902400000;99.97899028044839;100.47899028044839;99.47899028044839;99.97899028044839;0;0;0;0;0;0
1767903300000;99.950469426145;100.450469426145;99.450469426145;99.950469426145;0;0;0;0;0;0
1767904200000;99.96748675302196;100.46748675302196;99.46748675302196;99.96748675302196;0;0;0;0;0;0
1767905100000;100.014396609228;100.514396609228;99.514396609228;100.014396609228;0;0;0;0;0;0
1767906000000;100.04807028930318;100.54807028930318;99.54807028930318;100.04807028930318;0;0;0;0;0;0
1767906900000;100.03754836708052;100.53754836708052;99.53754836708052;100.03754836708052;0;0;0;0;0;0
1767907800000;99.99250464932719;100.49250464932719;99.49250464932719;99.99250464932719;0;0;0;0;0;0
1767908700000;99.95435212241587;100.45435212241587;99.45435212241587;99.95435212241587;0;0;0;0;0;0
1767909600000;99.95816804363942;100.45816804363942;99.45816804363942;99.95816804363942;0;0;0;0;0;0
1767910500000;100.00044407262294;100.50044407262294;99.50044407262294;100.00044407262294;0;0;0;0;0;0
1767911400000;100.04231182328488;100.54231182328488;99.54231182328488;100.04231182328488;0;0;0;0;0;0
1767912300000;100.04527827874966;100.54527827874966;99.54527827874966;100.04527827874966;0;0;0;0;0;0
1767913200000;100.00661609354349;100.50661609354349;99.50661609354349;100.00661609354349;0;0;0;0;0;0
1767914100000;99.96187110244512;100.46187110244512;99.46187110244512;99.96187110244512;0;0;0;0;0;0
1767915000000;99.95218164391828;100.45218164391828;99.45218164391828;99.95218164391828;0;0;0;0;0;0
1767915900000;99.98645616144734;100.48645616144734;99.48645616144734;99.98645616144734;0;0;0;0;0;0
1767916800000;100.0331828216811;100.5331828216811;99.5331828216811;100.0331828216811;0;0;0;0;0;0
1767917700000;100.04940134869169;100.54940134869169;99.54940134869169;100.04940134869169;0;0;0;0;0;0
1767918600000;100;100.001;99.999;100;0;0;0;0;0;0
1767919500000;100;100.001;99.999;100;0;0;0;0;0;0
1767920400000;100;100.001;99.999;100;0;0;0;0;0;0
1767921300000;100;100.001;99.999;100;0;0;0;0;0;0
1767922200000;100;100.001;99.999;100;0;0;0;0;0;0
1767923100000;100;100.001;99.999;100;0;0;0;0;0;0
1767924000000;100;100.001;99.999;100;0;0;0;0;0;0
1767924900000;100;100.001;99.999;100;0;0;0;0;0;0
1767925800000;100;100.001;99.999;100;0;0;0;0;0;0
1767926700000;100;100.001;99.999;100;0;0;0;0;0;0
1767927600000;100;100.001;99.999;100;0;0;0;0;0;0
1767928500000;100;100.001;99.999;100;0;0;0;0;0;0
1767929400000;100;100.001;99.999;100;0;0;0;0;0;0
1767930300000;100;100.001;99.999;100;0;0;0;0;0;0
1767931200000;100;101.1;99.99;101;1;0;0;0;1;0
1767932100000;100.87506200917684;101.03111610084748;100.77533551847613;100.9032258096618;0;0;0;0;0;0
1767933000000;100.93367098323378;101.09068622850965;100.83754608510183;100.96411615680574;0;0;0;0;0;0
1767933900000;100.99638529383809;101.15360225918641;100.90370660255442;101.02865443087042;0;0;0;0;0;0
1767934800000;101.06224495103564;101.21887242996206;100.97279851243965;101.09583547120086;0;0;0;0;0;0
1767935700000;101.13020943392027;101.28543664111635;101.04373015216305;101.1645833966397;0;0;0;0;0;0
1767936600000;101.19917805531597;101.35218743425426;101.11535799373024;101.23377271399225;0;0;0;0;0;0
1767937500000;101.26801160012134;101.41799201158472;101.18650896091614;101.30225048625043;0;0;0;0;0;0
1767938400000;101.33555479864621;101.48171484804446;101.25600337403954;101.368859111042;0;0;0;0;0;0
1767939300000;101.40065917911984;101.54224043553384;101.32267805886153;101.43245924719768;0;0;0;0;0;0
1767940200000;101.46220583568076;101.59849569549749;101.38540915283019;101.49195242416384;0;0;0;0;0;0
1767941100000;103.31912764973109;105.44630287529834;101.24630287529835;103.34630287529835;1;0;0;0;0;1
1767942000000;103.37043051352038;103.49424357731557;103.2948727261692;103.39455815174239;0;0;0;0;0;0
1767942900000;103.41521312499333;103.53199023244814;103.3397459640404;103.43586809824427;0;0;0;0;0;0
1767943800000;103.45268495188193;103.56201008703995;103.37699352399925;103.4695018055196;0;0;0;0;0;0
1767944700000;103.48218200015421;103.58598848127868;103.40373590829897;103.49486219478882;0;0;0;0;0;0
1767945600000;103.50318006649636;103.60624949095995;103.41674638544782;103.51149793820389;0;0;0;0;0;0
1767946500000;103.51530520559163;103.61745005000795;103.4207748959508;103.51911247297937;0;0;0;0;0;0
1767947400000;103.51834119952977;103.61942466922855;103.41571518293179;103.51756992608017;0;0;0;0;0;0
1767948300000;103.51223387758222;103.61217183272456;103.40162382544398;103.50689782908427;0;0;0;0;0;0
1767949200000;103.4970921985706;103.59585368766642;103.37871944844747;103.48728656805694;0;0;0;0;0;0
1767950100000;103.47318607383582;103.57079247357468;103.3473786856547;103.4590855796147;0;0;0;0;0;0
1767951000000;103.44094097504271;103.53746376648017;103.30812897446127;103.42279637047072;0;0;0;0;0;0
1767951900000;103.40092943638233;103.4964866779386;103.26163832664926;103.37906250229393;0;0;0;0;0;0
1767952800000;103.35385962382912;103.44861121061386;103.20870228011479;103.32865674536433;0;0;0;0;0;0
1767953700000;103.30056120368965;103.39470302975255;103.15022829427741;103.27246566201498;0;0;0;0;0;0
1767954600000;103.24196879752884;103.33572596217898;103.08721790390642;103.2114719330427;0;0;0;0;0;0
1767955500000;103.17910335956292;103.2727225803809;103.02074699178539;103.14673478608314;0;0;0;0;0;0
1767956400000;103.11305185476606;103.20679326789875;102.95194457899916;103.07936892344895;0;0;0;0;0;0
1767957300000;103.04494565039317;103.13907419278875;102.88197056188604;103.0105223773374;0;0;0;0;0;0
1767958200000;102.97593805967252;103.0707146377835;102.8119928462318;102.94135374200765;0;0;0;0;0;0
1767959100000;102.9071814935368;103.00285414847876;102.74316434165313;102.87300924506594;0;0;0;0;0;0
1767960000000;102.83980468409523;102.9365999641778;102.67660028207122;102.80660012312451;0;0;0;0;0;0
1767960900000;102.77489044193925;102.87300518985647;102.61335633165147;102.74318076075397;0;0;0;0;0;0
1767961800000;102.71345439835595;102.81304815220581;102.55440791971004;102.68372803595793;0;0;0;0;0;0
1767962700000;102.65642516332113;102.75761335817896;102.50063122318974;102.62912229068435;0;0;0;0;0;0
1767963600000;102.60462630116871;102.70747444142086;102.45278618188524;102.58013031165305;0;0;0;0;0;0
1767964500000;102.55876048867694;102.66327944106618;102.41150189033547;102.53739066570083;0;0;0;0;0;0
1767965400000;102.51939617573187;102.62553870949122;102.3772646620346;102.50140168576291;0;0;0;0;0;0
1767966300000;102.48695701763148;102.59461569167513;102.35040900732497;102.47251234950005;0;0;0;0;0;0
1767967200000;102.46171429152449;102.5707207599681;102.33111170712975;102.45091623354892;0;0;0;0;0;0
1767968100000;102.44378244858544;102.5539082254791;102.3193891017648;102.43664866362195;0;0;0;0;0;0
1767969000000;102.43311788955552;102.54407658226168;102.31509764871649;102.42958711548908;0;0;0;0;0;0
1767969900000;102.42952098552884;102.5409719743195;102.31793773681768;102.4294548555686;0;0;0;0;0;0
1767970800000;102.4326412996774;102.54419480952467;102.32746067804771;102.43582774378619;0;0;0;0;0;0
1767971700000;102.44198590033236;102.55320938018531;102.34307873357173;102.44814405687852;0;0;0;0;0;0
1767972600000;102.45693059280555;102.56735628852837;102.36407796893678;102.46571712873258;0;0;0;0;0;0
1767973500000;102.47673383782661;102.58586741803147;102.38963367580986;102.48775054692067;0;0;0;0;0;0
1767974400000;102.50055306970172;102.60788313951588;102.41882804544969;102.51335559248278;0;0;0;0;0;0
1767975300000;102.5274630783838;102.63247139525883;102.45066973331082;102.54157056428483;0;0;0;0;0;0
1767976200000;102.55647607757996;102.66411491571833;102.47864826603183;102.57138159087508;0;0;0;0;0;0
1767977100000;102.58656304666444;102.69808940920599;102.5053995957016;102.6017445024538;0;0;0;0;0;0
1767978000000;102.61667590821729;102.73151140149986;102.53170322646167;102.63160731398077;0;0;0;0;0;0
1767978900000;102.6457700859959;102.76331433069043;102.55655138533166;102.65993285801105;0;0;0;0;0;0
1767979800000;102.67282698041836;102.79246944612545;102.57897275952591;102.68572110282568;0;0;0;0;0;0
1767980700000;102.69687590034815;102.81800759103207;102.59805380470918;102.70803069787063;0;0;0;0;0;0
1767981600000;102.71701500108762;102.83903976270986;102.61295884589933;102.7259993043046;0;0;0;0;0;0
1767982500000;102.73243079878301;102.85477603100396;102.6229485555189;102.73886229326143;0;0;0;0;0;0
1767983400000;102.74241586050606;102.8645424291633;102.62739642633807;102.74596942775068;0;0;0;0;0;0
1767984300000;102.74638430651083;102.86779547243252;102.62580289810943;102.74679918527097;0;0;0;0;0;0
1767985200000;102.74388480581436;102.86413400798115;102.61780684473435;102.74097042635775;0;0;0;0;0;0
1767986100000;102.73461079740233;102.85330815405298;102.60319418284082;102.7282511684469;0;0;0;0;0;0
1767987000000;102.71840772597675;102.83522514542321;102.58190342158997;102.70856428350659;0;0;0;0;0;0
1767987900000;102.6952771420866;102.80995196517192;102.55402803616128;102.6819900006666;0;0;0;0;0;0
1767988800000;102.66537758047276;102.77771470814069;102.51981561241716;102.64876516027893;0;0;0;0;0;0
1767989700000;102.62902219621243;102.73889468790554;102.47966377638636;102.60927923214595;0;0;0;0;0;0
1767990600000;102.58667320442437;102.69402136531968;102.4341129880859;102.56406717670279;0;0;0;0;0;0
1767991500000;102.5389332345473;102.64376224130785;102.38383634347576;102.51379929239181;0;0;0;0;0;0
1767992400000;102.48653377319916;102.58890991831422;102.32962658969879;102.4592682540065;0;0;0;0;0;0
1767993300000;102.43032092908075;102.53036659236342;102.2723806159466;102.40137360415501;0;0;0;0;0;0
1767994200000;102.37123880809293;102.46912628991741;102.2130817341443;102.34110401203085;0;0;0;0;0;0
1767995100000;102.31031083567528;102.40625520953766;102.15278010910176;102.27951765931971;0;0;0;0;0;0
1767996000000;102.24861940535273;102.342870566862;102.09257173590952;102.21772115138576;0;0;0;0;0;0
1767996900000;102.18728426673715;102.28011837179369;102.0335763923834;102.15684738208854;0;0;0;0;0;0
1767997800000;102.12744009207663;102.21915058846064;101.97691501566878;102.09803280206471;0;0;0;0;0;0
1767998700000;102.0702136773482;102.1611021409968;101.92368696426664;102.04239455263172;0;0;0;0;0;0
1767999600000;102.01670124150567;102.1070682312697;101.87494762948955;101.99100793037962;0;0;0;0;0;0
1768000500000;101.96794628566646;102.05808242826946;101.83168685363715;101.9448846409533;0;0;0;0;0;0
1768001400000;101.92491846278901;102.01509597311669;101.79480859613271;101.9049522846247;0;0;0;0;0;0
1768002300000;101.88849388797985;101.97895871886028;101.76511226380974;101.87203549133501;0;0;0;0;0;0
1768003200000;101.85943729039708;101.95040209092996;101.74327608798838;101.84683908945917;0;0;0;0;0;0
1768004100000;101.83838637037358;101.93002441295938;101.72984288961662;101.829933651288;0;0;0;0;0;0
1768005000000;101.82583868063375;101.9182788945455;101.7252085254135;101.8217437099795;0;0;0;0;0;0
1768005900000;101.82214129922959;101.91546452333708;101.72961325362229;101.82253888847968;0;0;0;0;0;0
1768006800000;101.827483505121;101.92313619876651;101.74172004475807;101.83242812176229;0;0;0;0;0;0
1768007700000;101.84189260632543;101.94569303190742;101.75702114986971;101.85135709088857;0;0;0;0;0;0
1768008600000;101.86523300650632;101.9770369176067;101.78118092664143;101.87910892212406;0;0;0;0;0;0
1768009500000;101.89720853006085;102.01676271243217;101.81385356356309;101.91530813799763;0;0;0;0;0;0
1768010400000;101.93736795954898;102.06431433376133;101.85454122843936;101.95942778110035;0;0;0;0;0;0
1768011300000;101.98511367402239;102.11899515317866;101.90260398071023;102.01079956694444;0;0;0;0;0;0
1768012200000;102.03971321379622;102.17998120724643;101.95727251404956;102.068626860648;0;0;0;0;0;0
1768013100000;102.10031353774089;102.24633696110389;102.0176634685637;102.1320002148338;0;0;0;0;0;0
1768014000000;102.16595768446622;102.31703330838715;102.08279699981011;102.19991515409863;0;0;0;0;0;0
1768014900000;102.2356034999405;102.39096744541973;102.15161624614498;102.27129184578236;0;0;0;0;0;0
1768015800000;102.30814405212786;102.46698421943044;102.22300829751624;102.34499625847334;0;0;0;0;0;0
1768016700000;102.38242931899083;102.54389852048968;102.29582623852696;102.41986237950832;0;0;0;0;0;0
1768017600000;102.45728871039132;102.62051826553147;102.36891181701722;102.49471504127435;0;0;0;0;0;0
1768018500000;102.53155396755508;102.69566751068126;102.44111827699038;102.56839289383582;0;0;0;0;0;0
1768019400000;102.6040819761876;102.7682092253889;102.51133289168986;102.63977105853938;0;0;0;0;0;0
1768020300000;102.67377703119635;102.83706726862779;102.57849873907885;102.70778300385332;0;0;0;0;0;0
1768021200000;102.73961210224654;102.90124712352969;102.64163527774983;102.77144120063976;0;0;0;0;0;0
1768022100000;102.8006486698266;102.9598549719536;102.69985730607328;102.82985613901344;0;0;0;0;0;0
1768023000000;102.85605473070721;103.0121147241259;102.75239192067608;102.88225332240098;0;0;0;0;0;0
1768023900000;102.90512060904913;103.05738265995461;102.79859313143993;102.92798789569727;0;0;0;0;0;0
1768024800000;102.94727225418886;103.09515938707065;102.83795383829028;102.96655661268046;0;0;0;0;0;0
1768025700000;102.98208175739492;103.12509887509704;102.8701149291217;102.99760690210937;0;0;0;0;0;0
1768026600000;103.0092748765956;103.14701438498778;102.89487131717587;103.02094285108183;0;0;0;0;0;0
1768027500000;103.02873541907847;103.16088117530353;102.9121747988467;103.03652798707512;0;0;0;0;0;0
1768028400000;103.04050639620641;103.16683593271897;102.92213367795647;103.04448480533772;0;0;0;0;0;0
1768029300000;103.04478792998283;103.16517294055768;102.92500916869821;103.04509105462795;0;0;0;0;0;0
1768030200000;103.04193195748731;103.15633706536966;102.92120865532371;103.03877286034668;0;0;0;0;0;0
1768031100000;103.03243384444514;103.14091370615866;102.91127595092853;103.02609482854359;0;0;0;0;0;0
1768032000000;103.01692108215961;103.1196159125164;102.89587875903487;103.00774733577563;0;0;0;0;0;0
1768032900000;102.99613930144326;103.093268935375;102.87579359884677;102.98453126711088;0;0;0;0;0;0
1768033800000;102.9709358918212;103.06279252617773;102.85188850688527;102.9573405165315;0;0;0;0;0;0
1768034700000;102.9422415630354;103.02918134593378;102.82510387314483;102.9271426095393;0;0;0;0;0;0
1768035600000;102.91105022775814;102.99348388393345;102.7964318080205;102.89495784597698;0;0;0;0;0;0
1768036500000;102.8783976185736;102.95678031608004;102.76689446626041;102.86183739117023;0;0;0;0;0;0
1768037400000;102.84533907801374;102.92015975422758;102.73752177548688;102.82884076485723;0;0;0;0;0;0
1768038300000;102.81292697721226;102.88932902896968;102.7046973501649;102.7970131895673;0;0;0;0;0;0
1768039200000;102.7821882262296;102.86329480507601;102.67143172070777;102.76736326289189;0;0;0;0;0;0
1768040100000;102.75410233714703;102.84033966910998;102.6413431536944;102.74084141140219;0;0;0;0;0;0
1768041000000;102.72958048967315;102.8213060972251;102.61533303866317;102.71831956794414;0;0;0;0;0;0
1768041900000;102.70944602847793;102.80694003707369;102.59420494094975;102.70057248901172;0;0;0;0;0;0
1768042800000;102.69441679219175;102.7978744863573;102.57864770438624;102.68826109537177;0;0;0;0;0;0
1768043700000;102.68508963657227;102.7946154291458;102.56922092639972;102.68191817777276;0;0;0;0;0;0
1768044600000;102.68192746951529;102.79753042158066;102.56634310093497;102.68193676125782;0;0;0;0;0;0
1768045500000;102.68524906428107;102.80684006435636;102.57028267025224;102.6885613673043;0;0;0;0;0;0
1768046400000;102.69522186056892;102.82261254028649;102.5811521673806;102.70188235383354;0;0;0;0;0;0
1768047300000;102.71185790205824;102.84476133251493;102.59890556805095;102.72183345028294;0;0;0;0;0;0
1768048200000;102.73501299498537;102.8730461738073;102.62333890556826;102.74819253968778;0;0;0;0;0;0
1768049100000;102.76438910654997;102.90707721118078;102.65409413564358;102.78058567341218;0;0;0;0;0;0
1768050000000;102.79953995578072;102.94632230425475;102.69066617204379;102.81849423814927;0;0;0;0;0;0
1768050900000;102.83987968428691;102.99011731147108;102.73241294937803;102.86126513042456;0;0;0;0;0;0
1768051800000;102.88469443141054;103.03767915705588;102.77856830773716;102.90812373239652;0;0;0;0;0;0
1768052700000;102.93315657895165;103.08812141452167;102.82825743649194;102.9581894255068;0;0;0;0;0;0
1768053600000;102.98434137608093;103.14047209080876;102.8805145625014;103.01049332665508;0;0;0;0;0;0
1768054500000;103.03724560638709;103.19369324988965;102.93430252234855;103.0639978861191;0;0;0;0;0;0
1768055400000;103.09080791722661;103.24670207673896;102.9885338199293;103.11761794833413;0;0;0;0;0;0
1768056300000;103.14393039749997;103.29839295277618;103.04209274055542;103.1702428466658;0;0;0;0;0;0
1768057200000;103.19550096436622;103.34766009283156;103.09385807130168;103.22075908206662;0;0;0;0;0;0
1768058100000;103.24441610274988;103.39342028179607;103.14272596507021;103.26807312343314;0;0;0;0;0;0
1768059000000;103.28960349412857;103.43463524664199;103.18763248300604;103.31113386482401;0;0;0;0;0;0
1768059900000;103.33004407316898;103.47033320649278;103.2275753565351;103.34895428151394;0;0;0;0;0;0
1768060800000;103.3647930622598;103.49962915973958;103.26163452627173;103.38063184300566;0;0;0;0;0;0
1768061700000;103.39299955464011;103.52174349251868;103.28899104003045;103.40536726627457;0;0;0;0;0;0
1768062600000;103.41392424621955;103.53601852666426;103.3089439256648;103.42248122616454;0;0;0;0;0;0
1768063500000;103.42695495373515;103.54193266684871;103.32092469576284;103.43142868130577;0;0;0;0;0;0
1768064400000;101.63161960182325;103.73181052234072;99.53181052234073;101.63181052234073;0;0;0;0;0;0
1768065300000;101.62759641298888;101.7273380959849;101.51942651128915;101.62338230363703;0;0;0;0;0;0
1768066200000;101.61472109128314;101.70655487307742;101.5055648847811;101.60605987892926;0;0;0;0;0;0
1768067100000;101.59299085159287;101.67686934443483;101.48297430407817;101.5799218242565;0;0;0;0;0;0
1768068000000;101.5625652105632;101.63855126508915;101.45186592865068;101.54520859686991;0;0;0;0;0;0
1768068900000;101.52376352100589;101.5926082352184;101.4120286550653;101.50231844514185;0;0;0;0;0;0
1768069800000;101.47705929785394;101.54572000562804;101.35788029550402;101.45180015056603;0;0;0;0;0;0
1768070700000;101.42307144895778;101.49186029420542;101.29682520049366;101.39434274734954;0;0;0;0;0;0
1768071600000;101.36255258695046;101.43181557949116;101.22970927361162;101.33076242655139;0;0;0;0;0;0
1768072500000;101.29637465775899;101.36648436251363;101.15748941541958;101.2619868889666;0;0;0;0;0;0
1768073400000;101.22551217589515;101.2968595256407;101.08121540000668;101.18903746282369;0;0;0;0;0;0
1768074300000;101.15102340531206;101.22400881152336;101.0020098840775;101.11300934780043;0;0;0;0;0;0
1768075200000;101.07402986637152;101.14905381977589;100.92104695010933;101.03505038494261;0;0;0;0;0;0
1768076100000;100.99569458347986;101.07314794905083;100.83952961498336;100.9563387820171;0;0;0;0;0;0
1768077000000;100.91719951352599;100.99745373345496;100.75866675661476;100.87806024503486;0;0;0;0;0;0
1768077900000;100.83972261187196;100.92312003437877;100.67964992303934;100.80138497870905;0;0;0;0;0;0
1768078800000;100.76441499996629;100.85125955153467;100.6036304909124;100.72744502122353;0;0;0;0;0;0
1768079700000;100.6923786965241;100.78292711026086;100.53169763338846;100.65731237182466;0;0;0;0;0;0
1768080600000;100.62464536268972;100.7190991660901;100.46485754101946;100.59197835355478;0;0;0;0;0;0
1768081500000;100.56215649090154;100.66065494253337;100.40401431396327;100.53233462824832;0;0;0;0;0;0
1768082400000;100.50574543773685;100.60835958449856;100.34995290995222;100.47915624722539;0;0;0;0;0;0
1768083300000;100.45612166342718;100.56284966844261;100.30332449081531;100.43308707962896;0;0;0;0;0;0
1768084200000;100.41385749576727;100.52462136208074;100.26463446173044;100.39462791190559;0;0;0;0;0;0
1768085100000;100.37937768470948;100.49402147223961;100.23423344278714;100.36412745751338;0;0;0;0;0;0
1768086000000;100.35295195708808;100.47124156034441;100.21231135298116;100.34177645666279;0;0;0;0;0;0
1768086900000;100.3346907198134;100.4563152422841;100.19889472364387;100.32760498296399;0;0;0;0;0;0
1768087800000;100.32454399575735;100.44911872428035;100.19384729282108;100.32148300855071;0;0;0;0;0;0
1768088700000;100.3223036107279;100.44937456022645;100.19687386558373;100.32312421290509;0;0;0;0;0;0
1768089600000;100.32760858373886;100.45665855011056;100.20752735903473;100.33209295457264;0;0;0;0;0;0
1768090500000;100.33995360757478;100.47040963493814;100.22521888621574;100.34781426057694;0;0;0;0;0;0
1768091400000;100.35870044375326;100.48994258232943;100.24923067152974;100.36958662692959;0;0;0;0;0;0
1768092300000;100.38309199668302;100.51446319994228;100.27873153293065;100.39659736643647;0;0;0;0;0;0
1768093200000;120;120.2;119.8;120;0;0;0;0;0;0
1768094100000;120;120.2;119.8;120;0;0;0;0;0;0
1768095000000;120;120.2;119.8;120;0;0;0;0;0;0
1768095900000;120;120.2;119.8;120;0;0;0;0;0;0
1768096800000;120;120.2;119.8;120;0;0;0;0;0;0
1768097700000;120;120.2;119.8;120;0;0;0;0;0;0
1768098600000;120;120.2;119.8;120;0;0;0;0;0;0
1768099500000;120;120.2;119.8;120;0;0;0;0;0;0
1768100400000;120;120.2;119.8;120;0;0;0;0;0;0
1768101300000;120;120.2;119.8;120;0;0;0;0;0;0
1768102200000;120;120.2;119.8;120;0;0;0;0;0;0
1768103100000;120;120.2;119.8;120;0;0;0;0;0;0
1768104000000;120;120.2;119.8;120;0;0;0;0;0;0
1768104900000;120;120.2;119.8;120;0;0;0;0;0;0
1768105800000;120;120.2;119.8;120;0;0;0;0;0;0
1768106700000;120;120.2;119.8;120;0;0;0;0;0;0
1768107600000;120;120.2;119.8;120;0;0;0;0;0;0
1768108500000;120;120.2;119.8;120;0;0;0;0;0;0
1768109400000;120;120.2;119.8;120;0;0;0;0;0;0
1768110300000;120;120.2;119.8;120;0;0;0;0;0;0
1768111200000;119.5;120.2;117;120.1;0;0;0;0;1;0
1768112100000;100.59184674338113;100.69857743438153;100.44319737344269;100.57088740391211;0;0;0;0;0;0
1768113000000;100.54880576167808;100.6554746844322;100.3979735544559;100.52672411944405;0;0;0;0;0;0
1768113900000;100.50402838467787;100.61082371731428;100.35184158250911;100.48133264991169;0;0;0;0;0;0
1768114800000;100.45855462541705;100.56568202299405;100.30587117885077;100.43577660092241;0;0;0;0;0;0
1768115700000;100.41346065516865;100.52113491634924;100.26115450248054;100.39114470941489;0;0;0;0;0;0
1768116600000;100.36983646346864;100.4782729392942;100.2187834957506;100.3485282175224;0;0;0;0;0;0
1768117500000;100.32876317691853;100.43816913030479;100.17982714232453;100.30899813631466;0;0;0;0;0;0
1768118400000;100.29129050017247;100.4018566259069;100.14530910215365;100.27358286403027;0;0;0;0;0;0
1768119300000;100.25841474018988;100.37030705181678;100.11618618088221;100.2432466163495;0;0;0;0;0;0
1768120200000;100.2310578631089;100.34441014521731;100.0933280745193;100.21886910986831;0;0;0;0;0;0
1768121100000;100.21004801221085;100.32495502445522;100.07749880465153;100.20122691455337;0;0;-1;0;0;0
1768122000000;100.19610188582682;100.31261348876508;100.06934022543545;100.19097685710027;0;0;-1;0;0;0
1768122900000;100.18980933628671;100.30792568915422;100.06935794179208;100.18864181547315;0;0;-1;0;0;0
1768123800000;100.19162050589729;100.31128846316523;100.07790992947764;100.19459919632143;0;0;-1;0;0;0
1768124700000;100.20183576437942;100.32294657185821;100.09519809301659;100.2090723324374;0;0;0;0;0;0
1768125600000;100.22059865524274;100.34298701813155;100.1212629379646;100.23212497804808;0;0;0;1;0;0
1768126500000;100.24789199739173;100.37133656263654;100.15598147083423;100.26365901673539;0;0;0;1;0;0
1768127400000;100.28353722408406;100.40776248831985;100.1990683745456;100.30341543143273;0;0;0;1;0;0
1768128300000;100.3271969755091;100.45187659837825;100.25008044079266;100.35097851958545;0;0;0;1;0;0
1768129200000;100.3783808950621;100.50314236648269;100.30842417459478;100.40578327053873;0;0;0;0;0;0
1768130100000;100.43645451420625;100.56088509386892;100.37336642187857;100.46712575787375;0;0;0;0;0;0
1768131000000;100.50065104796826;100.62430486660809;100.4440478095175;100.53417633806279;0;0;0;0;0;0
1768131900000;100.5700858638843;100.69949873009843;100.5124920493132;100.60599538970581;0;0;0;0;0;0
1768132800000;100.64377333280657;100.77865755194622;100.58444499986845;100.68155127590734;0;0;0;0;0;0
1768133700000;100.72064572150799;100.86039068967597;100.65908964454133;100.75974016710865;0;0;0;0;0;0
1768134600000;100.79957374546672;100.94351413267661;100.73530051497296;100.83940732382479;0;0;0;0;0;0
1768135500000;100.87938836642427;101.02681599923365;100.81192281881381;100.91936940902373;0;0;0;0;0;0
1768136400000;100.9589033939757;101.10907966307451;100.88779509478084;100.99843737892768;0;0;0;0;0;0
1768137300000;101.03693843408608;101.18910698739757;100.96177199109141;101.07543948924449;0;0;0;0;0;0
1768138200000;101.11234172036583;101.26574119916127;101.03274670381312;101.1492439514872;0;0;0;0;0;0
1768139100000;101.18401236632452;101.33788894361392;101.09967261870982;101.21878078116187;0;0;0;0;0;0
1768140000000;101.25092158860691;101.40454107558753;101.16158371651642;101.28306239605197;0;0;0;0;0;0
1768140900000;101.31213247215932;101.46479176962974;101.21761332690362;101.34120254826668;0;0;0;0;0;0
1768141800000;101.36681787794973;101.51785556508231;101.26701085018321;101.39243320763276;0;0;0;0;0;0
1768142700000;101.41427613166836;101.56308200404492;101.309156107363;101.43611905570395;0;0;0;0;0;0
1768143600000;101.45394417699639;101.59996756893624;101.34357102764137;101.4717692982888;0;0;0;0;0;0
1768144500000;101.48540792862805;101.62816468109024;101.36992843684432;101.49904655896728;0;0;0;0;0;0
1768145400000;101.50840961721678;101.64748758138967;101.38805776954291;101.51777267546629;0;0;0;0;0;0
1768146300000;101.52285197962566;101.65791497713201;101.39794759043804;101.52793128378502;0;0;0;0;0;0
1768147200000;101.52879921205164;101.65958940485783;101.39974487577865;101.52966714031824;0;0;0;0;0;0
1768148100000;101.5264746694536;101.65281332541669;101.39375107176126;101.52328219858897;0;0;0;0;0;0
1768149000000;101.51625536090393;101.63804203374768;101.38041501269008;101.50922852321888;0;0;0;0;0;0
1768149900000;101.49866335565467;101.61587353036312;101.3603228458178;101.48809818809046;0;0;0;0;0;0
1768150800000;101.47435427753537;101.58703556303513;101.33418517092542;101.46061036698028;0;0;0;0;0;0
1768151700000;101.4441031244986;101.55237010444289;101.30282165959098;101.42759588201693;0;0;0;0;0;0
1768152600000;101.40878770449828;101.51281558338135;101.26714347057788;101.38997952697962;0;0;0;0;0;0
1768153500000;101.36937002731483;101.46938723250469;101.2281338227954;101.34876052765004;0;0;0;0;0;0
1768154400000;101.32687603344631;101.4231559535593;101.18682712492586;101.30499153924258;0;0;0;0;0;0
1768155300000;101.28237407491821;101.37522613087941;101.14428709030827;101.25975661059384;0;0;0;0;0;0
1768156200000;101.23695258814227;101.32671284496887;101.10158428641252;101.21414856569069;0;0;0;0;0;0
1768157100000;101.19169741525967;101.278718949848;101.05977357980929;101.16924626482864;0;0;0;0;0;0
1768158000000;101.14766923740598;101.23231248026639;101.01987193970021;101.1260922099833;0;0;0;0;0;0
1768158900000;101.10588158089129;101.18850484782233;100.98283705577622;101.08567095179927;0;0;0;0;0;0
1768159800000;101.06727984544995;101.14823026863482;100.94954720956642;101.04888873910062;0;0;0;0;0;0
1768160700000;101.03272178272087;101.11232683981835;100.92078281286392;101.01655482634114;0;0;0;0;0;0
1768161600000;101.00295982340121;101.08151964813474;100.89720999278781;100.98936482046128;0;0;0;0;0;0
1768162500000;100.9786256136773;101.05936656125535;100.87640625253131;100.96788640689333;0;0;0;0;0;0
1768163400000;100.96021707635094;101.04765065794777;100.85744483366935;100.95254774580856;0;0;0;0;0;0
1768164300000;100.9480882604644;101.04231230124572;100.84494524899478;100.94362877512025;0;0;0;0;0;0
1768165200000;100.94244218623943;101.04344802220272;100.83906317251454;100.94125559735863;0;0;0;0;0;0
1768166100000;100.94332683094265;101.05099869362515;100.83979743542817;100.94539806452666;0;0;0;0;0;0
1768167000000;100.95063433712083;101.06475060101978;100.84699061841023;100.955870609715;0;0;0;0;0;0
1768167900000;100.96410345882329;101.08433973588777;100.86033287997535;100.97233630793156;0;0;0;0;0;0
1768168800000;100.9833251952837;101.10925922593559;100.87936893933609;100.99431408263584;0;0;0;0;0;0
1768169700000;101.00775149642237;101.13886975258625;100.9035080678316;101.02118891020892;0;0;0;0;0;0
1768170600000;101.03670686177499;101.17241274501342;100.93203688166867;101.05222481334104;0;0;0;0;0;0
1768171500000;101.06940259533744;101.20902608303834;100.96413467162932;101.08658037733383;0;0;0;0;0;0
1768172400000;101.10495342454224;101.24776198978208;100.99889095371927;101.12332647175067;0;0;0;0;0;0
1768173300000;101.14239614325518;101.28760675000527;101.03532487951412;101.1614658147597;0;0;0;0;0;0
1768174200000;101.18070989728876;101.32750185251186;101.07240610712381;101.19995397981783;0;0;0;0;0;0
1768175100000;101.21883769731384;101.36636612561018;101.10907670400952;101.23772141480985;0;0;0;0;0;0
1768176000000;101.25570871889732;101.40311841401278;101.1442736319568;101.2736960229848;0;0;0;0;0;0
1768176900000;101.29026093321673;101.43670033414149;101.17695135275581;101.30682584344865;0;0;0;0;0;0
1768177800000;101.32146360513008;101.46609864281808;101.20610409080496;101.33610136681152;0;0;0;0;0;0
1768178700000;101.34833919785322;101.4903667618081;101.23078729598174;101.36057702889492;0;0;0;0;0;0
1768179600000;101.36998423546333;101.50864501749564;101.25013786656785;101.37939144203175;0;0;0;0;0;0
1768180500000;101.38558869556552;101.52017918076045;101.26339271743815;101.3917859490993;0;0;0;0;0;0
1768181400000;101.3944535342962;101.52433692638189;101.2699053126043;101.3971211194931;0;0;0;0;0;0
1768182300000;101.39600598378762;101.5206218733124;101.26915982285189;101.39489084808214;0;0;0;0;0;0
1768183200000;101.38981230750787;101.50868491609319;101.26078261777397;101.38473376693358;0;0;0;0;0;0
1768184100000;101.37558775059773;101.48833261253047;101.2445508559933;101.36644173426188;0;0;0;0;0;0
1768185000000;101.35320347939754;101.45953245239917;101.22039799666723;101.3399652245332;0;0;0;0;0;0
1768185900000;101.32269036562964;101.42241489517811;101.18841611827405;101.30541550672608;0;0;0;0;0;0
1768186800000;101.2842395349288;101.37727213036007;101.14885499590298;101.26306356313152;0;0;0;0;0;0
1768187700000;103.03819966528404;105.11333576743657;100.91333576743658;103.01333576743657;0;0;0;0;0;1
1768188600000;102.98507108712992;103.06485823240926;102.84875458123729;102.95680640682328;0;-1;0;0;0;0
1768189500000;102.9254968019548;102.9989239493824;102.78945044479022;102.89418719708631;0;-1;0;0;0;0
1768190400000;102.8602505990516;102.92761397253702;102.72501402949675;102.82631400101688;0;0;0;0;0;0
1768191300000;102.790222509144;102.85190088412014;102.6563611504221;102.75413101727112;0;0;0;0;0;0
1768192200000;102.71640188787387;102.77284835109107;102.58449716586215;102.67867275847661;0;0;0;0;0;0
1768193100000;102.63985847042912;102.69159101549168;102.51049734927157;102.60104418238163;0;0;0;0;0;0
1768194000000;102.56172177994084;102.61548582006472;102.42931293493538;102.52239937750005;0;0;0;0;0;0
1768194900000;102.48315930584145;102.54061346219495;102.34722500617073;102.44391923418284;0;0;0;0;0;0
1768195800000;102.40535389346924;102.46703528010832;102.26654182540298;102.36678855275565;0;0;0;0;0;0
1768196700000;102.32948080231655;102.3958876531796;102.18845845057531;102.29217305187746;0;0;0;0;0;0
1768197600000;102.25668489712058;102.32826595184189;102.11412753288552;102.2211967423637;0;0;0;0;0;0
1768198500000;102.18805843335007;102.26520297127112;102.04463727740173;102.15492012433643;0;0;0;0;0;0
1768199400000;102.12461988659945;102.20764862183319;101.98099067589175;102.09431964886247;0;0;0;0;0;0
1768200300000;102.06729425421172;102.15645128988498;101.92408642923695;102.04026885956097;0;0;0;0;0;0
1768201200000;102.01689522754235;102.1123412484629;101.87470194258457;101.99352159552373;0;0;0;0;0;0
1768202100000;101.97410959525888;102.07591645558837;101.83347873439972;101.95469759499404;0;0;0;0;0;0
1768203000000;101.93948419271838;102.04763102922176;101.80091055166368;101.92427079044272;0;0;0;0;0;0
1768203900000;101.91341566070135;102.02778663329781;101.77733442862214;101.90256053095997;0;0;0;0;0;0
1768204800000;101.89614321966093;102.01652694988975;101.76292486683401;101.88972590836188;0;0;0;0;0;0
1768205700000;101.88774460433251;102.01383534958768;101.75769125101863;101.88576330030315;0;0;0;0;0;0
1768206600000;101.88813523929124;102.01953580692312;101.76147854963556;101.89050717827934;0;0;0;0;0;0
1768207500000;101.89707067015128;102.03329704145742;101.773971282589;101.90363416202321;0;0;0;0;0;0
1768208400000;101.9141521989139;102.05463979932735;101.79470067228182;101.92467023580458;0;0;0;0;0;0
1768209300000;101.93883560683894;102.08294712594862;101.82305482979798;101.9530009778733;0;0;0;0;0;0
1768210200000;101.9704427854625;102.11747741952641;101.85829176657697;101.98788459305169;0;0;0;0;0;0
1768211100000;102.00817603729178;102.15737999825558;101.89955496480815;102.02846748153186;0;0;0;0;0;0
1768212000000;102.05113475347838;102.20171286277073;101.94589118807903;102.07380202542488;0;0;0;0;0;0
1768212900000;102.09833412750838;102.24946229057517;101.99627016860856;102.12286622959186;0;0;0;0;0;0
1768213800000;102.14872552263512;102.29956386175346;102.04960576960329;102.17458481567837;0;0;0;0;0;0
1768214700000;102.20121807725859;102.35092448601841;102.1047781916592;102.2278513388388;0;0;0;0;0;0
1768215600000;102.2547011074073;102.40244498065822;102.16065677129335;102.28155087597578;0;0;0;0;0;0
1768216500000;102.30806684941358;102.45304273765144;102.21612290805133;102.33458282285139;0;0;0;0;0;0
1768217400000;102.36023307911883;102.50167401633942;102.27009265443311;102.38588333538627;0;0;0;0;0;0
1768218300000;102.41016514663745;102.54735540562572;102.32153851015156;102.43444695788864;0;0;0;0;0;0
1768219200000;102.45689697779358;102.5891840165591;102.36950997883795;102.47934699769853;0;0;0;0;0;0
1768220100000;102.49955061457393;102.62635599200559;102.4131524708931;102.51975423144934;0;0;0;0;0;0
1768221000000;102.53735389688272;102.65818295440286;102.45172417022937;102.55495356231611;0;0;0;0;0;0
1768221900000;102.56965592592836;102.68410605461698;102.4846105244642;102.58435828954059;0;0;0;0;0;0
1768222800000;102.59593999494156;102.70370733383344;102.51133606685163;102.60752170034253;0;0;0;0;0;0
1768223700000;102.61583372469639;102.71671816521528;102.5315733328852;102.62414574905024;0;0;0;0;0;0
1768224600000;102.62911619842247;102.72514869395565;102.54302460163373;102.63408664779469;0;0;0;0;0;0
1768225500000;102.63572195199684;102.7320449934882;102.54266951890976;102.63735725619898;0;0;0;0;0;0
1768226400000;102.63574173953536;102.73240093633294;102.53585150941052;102.63412622287173;0;0;0;0;0;0
1768227300000;102.62942006035942;102.72650724850352;102.52292054719071;102.62471389784712;0;0;0;0;0;0
1768228200000;102.61714949945058;102.71479969030439;102.50437051180369;102.60958510105404;0;0;0;0;0;0
1768229100000;102.59946199857596;102.69784907010937;102.4808287220864;102.58933889609789;0;0;0;0;0;0
1768230000000;102.57701723794543;102.67634846724766;102.45304269233827;102.56469557979297;0;0;0;0;0;0
1768230900000;102.5505883672688;102.65109792936896;102.42186438012031;102.53648115474464;0;0;0;0;0;0
1768231800000;102.52104537921711;102.6229869611398;102.38823224623941;102.5056096036896;0;0;0;0;0;0
1768232700000;102.48933646645095;102.59297516611883;102.35315149230578;102.47306332921231;0;0;0;0;0;0
1768233600000;102.45646774458088;102.5620714412533;102.31767287864562;102.43987215994946;0;0;0;0;0;0
1768234500000;102.42348175682999;102.53131215286953;102.2828705545515;102.40709135371051;0;0;0;0;0;0
1768235400000;102.39143520109509;102.50173874369546;102.24981935326389;102.37577904847967;0;0;0;0;0;0
1768236300000;102.36137633604402;102.4743752319354;102.21957201528133;102.34697362360836;0;0;0;0;0;0
1768237200000;102.33432252951546;102.45020606548285;102.19313680536227;102.32167143542256;0;0;0;0;0;0
1768238100000;102.31123840967109;102.43015478696631;102.17145598087293;102.30080538391962;0;0;0;0;0;0
1768239000000;102.29301506714289;102.41506394862759;102.15538555210472;102.28522475036615;0;0;0;0;0;0
1768239900000;102.28045073507143;102.4056766903739;102.14567674917947;102.27567671977668;0;0;0;0;0;0
1768240800000;102.27423334387723;102.40262036024963;102.14295957570592;102.27278996797777;0;0;0;0;0;0
1768241700000;102.27492530946009;102.4063925147366;102.14772878714818;102.27706065094239;0;0;0;0;0;0
1768242600000;102.28295086805633;102.41734958756787;102.16033258277268;102.28884108517028;0;0;0;0;0;0
1768243500000;102.29858621912955;102.43569846112537;102.18096424505224;102.3083313530888;0;0;0;0;0;0
1768244400000;102.32195268047985;102.46149111509848;102.20965690064335;102.33557400787092;0;0;0;0;0;0
1768245300000;102.35301299839898;102.49462246412462;102.24628151372944;102.37045198892703;0;0;0;0;0;0
1768246200000;102.39157089141916;102.53483143089464;102.29054815692795;102.4126897939113;0;0;0;0;0;0
1768247100000;102.43727384031754;102.58170523502207;102.34201053842548;102.46185788672378;0;0;0;0;0;0
1768248000000;102.48961907088133;102.63468681218987;102.40007369788793;102.5173802550389;0;0;0;0;0;0
1768248900000;102.54796261086597;102.69308521405073;102.46400471933534;102.57854496669303;0;0;0;0;0;0
1768249800000;102.61153123990931;102.75608877836756;102.53294624788366;102.6445175131256;0;0;0;0;0;0
1768250700000;102.67943709218153;102.82278080218936;102.60593254028552;102.71435667123744;0;0;0;0;0;0
1768251600000;102.75069461744961;102.89215739961578;102.68190772770775;102.78703256366177;0;0;0;0;0;0
1768252500000;102.82423955812473;102.96314718096305;102.75974592421231;102.86144655258768;0;0;0;0;0;0
1768253400000;102.89894955871557;103.0346323528112;102.83827277687575;102.93645256484348;0;0;0;0;0;0
1768254300000;102.97366599077374;103.10547080925532;102.91628802415268;103.010879416704;0;0;0;0;0;0
1768255200000;103.04721655156483;103.17451876429361;102.99258860855771;103.08355368642566;0;0;0;0;0;0
1768256100000;103.11843817883978;103.24599187842797;103.0606534640798;103.15332267125389;0;0;0;0;0;0
1768257000000;103.18619981753638;103.31535841165993;103.12279551597783;103.21907696381888;0;0;0;0;0;0
1768257900000;103.249424577147;103.37961400193382;103.17993037901641;103.27977219047511;0;0;0;0;0;0
1768258800000;103.30711083078366;103.43777036488575;103.23112857729862;103.33444947109219;0;0;0;0;0;0
1768259700000;103.35835182840833;103.48894414762026;103.27556422382872;103.38225418572449;0;0;0;0;0;0
1768260600000;103.40235342683593;103.53237385934536;103.31253147654938;103.42245266794737;0;0;0;0;0;0
1768261500000;103.43844957734738;103.56743438305793;103.34145859043684;103.45444648674739;0;0;0;0;0;0
1768262400000;103.46611525729266;103.59364877725288;103.36191927842297;103.47778402783793;0;0;0;0;0;0
1768263300000;103.48497658398898;103.61069713157566;103.37364114870441;103.49216914014004;0;0;0;0;0;0
1768264200000;103.49481790647258;103.61842230006745;103.37651104554281;103.49746667280513;0;0;0;0;0;0
1768265100000;103.49558573207585;103.61683239894937;103.37057718374378;103.49370479134657;0;0;0;0;0;0
1768266000000;103.48738940912509;103.60610002146892;103.35604803233825;103.48107402690358;0;0;0;0;0;0
1768266900000;103.47049855297738;103.58655818885488;103.33328796924745;103.45992307905117;0;0;0;0;0;0
1768267800000;103.44533726879608;103.5586931225421;103.3028097945399;103.430751458541;0;0;0;0;0;0
1768268700000;103.41247528955394;103.52313398719033;103.2652642539434;103.39419912056687;0;0;0;0;0;0
1768269600000;103.37261621042708;103.48063981532351;103.22142678525108;103.3510333002873;0;0;0;0;0;0
1768270500000;103.32658305972441;103.43208388140938;103.17218175691367;103.30213281916153;0;0;0;0;0;0
1768271400000;103.27530150058382;103.37843584472742;103.11850451928481;103.24847018200612;0;0;0;0;0;0
1768272300000;103.2197810057595;103.32074202538747;103.06144163363832;103.1910918295129;0;0;0;0;0;0
1768273200000;103.1610943889418;103.26010421544731;103.00208968129408;103.1310969483707;0;0;0;0;0;0
1768274100000;103.10035610935687;103.19765745647322;102.94157308421288;103.06961527034305;0;0;0;0;0;0
1768275000000;103.03869979120986;103.13454723549599;102.88102138865735;103.00778431207667;0;0;0;0;0;0
1768275900000;102.97725541535566;103.0719065627185;102.82154647455077;102.94672651863463;0;0;0;0;0;0
1768276800000;102.91712664708619;103.01083339630206;102.76422015477344;102.88752677553775;0;0;0;0;0;0
1768277700000;102.85936876097834;102.95236887205677;102.71005262078113;102.83121074641895;0;0;0;0;0;0
1768278600000;102.80496761141355;102.89747677904523;102.65997217377105;102.77872447640814;0;0;0;0;0;0
1768279500000;102.75482007591089;102.84702469632079;102.61480665450644;102.73091567541361;0;0;0;0;0;0
1768280400000;102.70971636824704;102.80176717179128;102.57526695036967;102.68851706108047;0;0;0;0;0;0
1768281300000;102.67032458008451;102.76233128222574;102.54193291595135;102.65213209908855;0;0;0;0;0;0
1768282200000;102.63717776427342;102.72920486456167;102.51524199435494;102.6222234294583;0;0;0;0;0;0
1768283100000;102.61066382106152;102.70272765392333;102.49548077140612;102.59910421266473;0;0;0;0;0;0
1768284000000;102.59101839119813;102.68308550424202;102.48277963522106;102.58293256973154;0;0;0;0;0;0
1768284900000;102.57832089852022;102.67030780429391;102.47711065032385;102.57370922730888;0;0;0;0;0;0
1768285800000;102.57249382031061;102.66426813662511;102.47828868999957;102.57127841331234;0;0;0;0;0;0
1768286700000;102.5733051978336;102.6659758041593;102.4846881605504;102.57533198235485;0;0;0;0;0;0
1768287600000;102.58037433332039;102.67968873402972;102.49114463454211;102.58541668428592;0;0;0;0;0;0
1768288500000;102.5931805546477;102.69880942080528;102.5030794292137;102.60094442500949;0;0;0;0;0;0
1768289400000;102.61107486634927;102.72259829432507;102.51981232105307;102.62120530768907;0;0;0;0;0;0
1768290300000;102.6332942466998;102.7502100711009;102.54055630032016;102.64538318571053;0;0;0;0;0;0
1768291200000;102.65897829661341;102.78071173978624;102.56443507524635;102.6725734075163;0;0;0;0;0;0
1768292100000;102.68718789810475;102.81310236748118;102.59050240990521;102.7018023886932;0;0;0;0;0;0
1768293000000;102.71692549904759;102.84633432302682;102.61776289577712;102.73204860940197;0;0;0;0;0;0
1768293900000;102.74715660777063;102.87933548441481;102.64519372786381;102.76226460613931;0;0;0;0;0;0
1768294800000;102.77683205632776;102.91103197721462;102.67176703581781;102.79139950651621;0;0;0;0;0;0
1768295700000;102.80491057557472;102.9403709799175;102.69647230934896;102.81842164463323;0;0;0;0;0;0
1768296600000;102.83038121879679;102.96634313053568;102.71833845538501;102.84234079296034;0;0;0;0;0;0
1768297500000;102.8522851736905;102.9880040767132;102.7364550321281;102.86222955442065;0;0;0;0;0;0
1768298400000;102.86973651494752;103.00449472883969;102.74999222210909;102.87724347547439;0;0;0;0;0;0
1768299300000;102.88194147126437;103.01505980186185;102.75821913224688;102.88663946705437;0;0;0;0;0;0
1768300200000;102.88821581086988;103.01906426612673;102.76052004324406;102.8897921546854;0;0;0;0;0;0
1768301100000;102.88799998800546;103.01600736996285;102.75640827268823;102.88620782132554;0;0;0;0;0;0
1768302000000;102.88087173843117;103.00553394594834;102.74553736512524;102.8755356555368;0;0;0;0;0;0
1768302900000;102.86655586403172;102.98744276792759;102.72770937712572;102.85757607252665;0;0;0;0;0;0
1768303800000;102.84493100390402;102.96169178570013;102.70288008486266;102.83228593528139;0;0;0;0;0;0
1768304700000;102.8160332507506;102.92840012769868;102.67116100474097;102.79978056621982;0;0;0;0;0;0
1768305600000;102.78005653573294;102.8878468276089;102.63281818288318;102.76033250524604;0;0;0;0;0;0
1768306500000;102.73734977084126;102.84046629742575;102.58826777544722;102.71436703643649;0;0;0;0;0;0
1768307400000;102.68841080397294;102.78684063553759;102.53806850748121;102.6624545715094;0;0;0;0;0;0
1768308300000;102.63387730692942;102.72768892273317;102.48291116196575;102.60530004234946;0;0;0;0;0;0
1768309200000;102.57451477912028;102.66385372023254;102.4236053115497;102.54372951589112;0;0;0;0;0;0
1768310100000;102.51120190862405;102.59628504070272;102.36106356201122;102.47867430135697;0;0;0;0;0;0
1768311000000;100.64491358620181;102.71115287104665;98.51115287104666;100.61115287104666;0;0;0;0;0;-1
1768311900000;100.57670191579062;100.65417331882688;100.4303286022423;100.54225096053459;0;0;0;0;0;0
1768312800000;100.50767560594271;100.58189467263092;100.36430583007076;100.47310025135084;0;0;0;0;0;0
1768313700000;100.43897815979008;100.5103673336457;100.29934480281294;100.40485606822932;0;0;0;0;0;0
1768314600000;100.37176530572526;100.44077454876007;100.2365745376823;100.33867454322119;0;0;0;0;0;0
1768315500000;100.3071821265983;100.37427852444264;100.17710089550823;100.27568970997544;0;0;0;0;0;0
1768316400000;100.24634035151742;100.31199768338934;100.12198430272946;100.2169909930594;0;0;0;0;0;0
1768317300000;100.19029627117773;100.25498476637183;100.07221833222029;100.16360154929606;0;0;0;0;0;0
1768318200000;100.14002972509525;100.2087095807481;100.02420622104073;100.11645790089442;0;0;0;0;0;0
1768319100000;100.09642458744302;100.1722592546629;99.98052329332039;100.07639127399165;0;0;0;0;0;0
1768320000000;100.06025114781907;100.14354684081738;99.94467520247565;100.04411102164651;0;0;0;0;0;0
1768320900000;100.03215074483509;100.12311619740933;99.91726473863804;100.02019046802369;0;0;0;0;0;0
1768321800000;100.01262296468789;100.11136435029286;99.89874657241134;100.0050554613521;0;0;0;0;0;0
1768322700000;100.00201566478933;100.10853322531732;99.88941851113579;99.99897586822655;0;0;0;0;0;0
1768323600000;100.000518025149;100.11470448754737;99.88941587659552;100.00206018207145;0;0;0;0;0;0
1768324500000;100.00815676869372;100.1297975950075;99.8987091156245;100.014253355316;0;0;0;0;0;0
1768325400000;100.02479562732255;100.15357110916933;99.91710468948882;100.03533789932908;0;0;0;0;0;0
1768326300000;100.05013806454646;100.18562723809305;99.94424922143463;100.06493822976384;0;0;0;0;0;0
1768327200000;100.08373319939183;100.22541952229689;99.97963681574275;100.10252816901982;0;0;0;0;0;0
1768328100000;100.12498481120242;100.27226350940279;100.02261939736727;100.14744145338503;0;0;0;0;0;0
1768329000000;100.17316324238294;100.32535020269721;100.07241986006447;100.19888503138084;0;0;0;0;0;0
1768329900000;100.22741995726028;100.38376201219704;100.12814775408243;100.25595488313974;0;0;0;0;0;0
1768330800000;100.2868044612978;100.44649088577262;100.18881719313916;100.31765403945589;0;0;0;0;0;0
1768331700000;100.35028323697927;100.51245825339662;100.25336661560867;100.38291243450264;0;0;0;0;0;0
1768332600000;100.41676031176097;100.58053638056504;100.32067999747358;100.4506081890193;0;0;0;0;0;0
1768333500000;100.48509904040395;100.64957069813182;100.38960908544537;100.5195898917886;0;0;0;0;0;0
1768334400000;100.55414465941739;100.71840265579901;100.45899619829338;100.5886994270462;0;0;0;0;0;0
1768335300000;100.62274715577104;100.78589263572059;100.52769713327118;100.65679488449588;0;0;0;0;0;0
1768336200000;100.68978398578292;100.85094246133005;100.59460371280989;100.72277308706997;0;0;0;0;0;0
1768337100000;100.75418218328859;100.91251704462043;100.65866551439397;100.7855912795072;0;0;0;0;0;0
1768338000000;100.81493940878146;100.96966473252496;100.71891034358646;100.84428753805571;0;0;0;0;0;0
1768338900000;100.87114351292611;101.02153593941746;100.77446303617553;100.8979994877965;0;0;0;0;0;0
1768339800000;100.92199021824258;101.06739968753365;100.82456220984372;100.94598094868869;0;0;0;0;0;0
1768340700000;100.96679856122252;101.10665771960586;100.86857462790684;100.98761617375635;0;0;0;0;0;0
1768341600000;101.00502378288093;101.13885589733646;100.90600688667455;101.0224313920055;0;0;0;0;0;0
1768342500000;101.03626740784117;101.16369265450867;100.936514192845;101.05010342367683;0;0;0;0;0;0
1768343400000;101.06028430943034;101.18102433342334;100.95990605694435;101.07046519518384;0;0;0;0;0;0
1768344300000;101.07698661976154;101.19086729673886;100.97614879193962;101.08350804433924;0;0;0;0;0;0
1768345200000;101.08644440814307;101.19339677238858;100.98536477150523;101.0893807719469;0;0;0;0;0;0
1768346100000;101.08888311707199;101.1889424557204;100.98782846867371;101.08838546219705;0;0;0;0;0;0
1768347000000;101.08467781119703;101.17798095899315;100.98395936140082;101.08097016019698;0;0;0;0;0;0
1768347900000;101.07434435962668;101.16112526253235;100.97431185558037;101.06771855905636;0;0;0;0;0;0
1768348800000;101.05852773448701;101.13956243695117;100.95911138288417;101.04933690991767;0;0;0;0;0;0
1768349700000;101.03798766742803;101.12049431990486;100.93278252997187;101.02663842493837;0;0;0;0;0;0
1768350600000;101.01358195963728;101.09797991227599;100.90307107639639;101.00052549433619;0;0;0;0;0;0
1768351500000;100.98624778874972;101.07296145973373;100.87097870659275;100.97197008316324;0;0;0;0;0;0
1768352400000;100.95698139686611;101.04643027049053;100.83755515064746;100.941992710569;0;0;0;0;0;0
1768353300000;100.9268165768806;101.01940494994048;100.80387593644389;100.91164044319218;0;0;0;0;0;0
1768354200000;100.89680239879497;100.99290909495127;100.77101961384426;100.88196435439777;0;0;0;0;0;0
1768355100000;100.86798063316856;100.96794890844866;100.74004491543;100.85399691193933;0;0;0;0;0;0
1768356000000;100.84136333499846;100.94549119643028;100.71196831968487;100.82872975805758;0;0;0;0;0;0
1768356900000;100.81791104802535;100.92644220159528;100.687742474391;100.80709233799314;0;0;0;0;0;0
1768357800000;100.79851207677704;100.91162771054321;100.66823592057868;100.78993181556095;0;0;0;0;0;0
1768358700000;100.78396325185844;100.90177484532936;100.6542145309825;100.77799468815593;0;0;0;0;0;0
1768359600000;100.77495258351452;100.89749591560123;100.64632504214497;100.7719104788731;0;0;0;0;0;0
1768360500000;100.77204415995361;100.8992746652872;100.64508101678105;100.77217784103412;0;0;0;0;0;0
1768361400000;100.77566560110834;100.90745519872492;100.65085152364021;100.77915336118257;0;0;0;0;0;0
1768362300000;100.78609832636309;100.92223381620886;100.66385276687834;100.7930432915436;0;0;0;0;0;0
1768363200000;100.80347083735354;100.9436539293204;100.68414283700655;100.81389838316348;0;0;0;0;0;0
1768364100000;100.82775515541555;100.97160416330097;100.71161969203426;100.84161192766761;0;0;0;0;0;0
1768365000000;100.8587664888804;101.00581968842314;100.74602241176325;100.8759210500932;0;0;0;0;0;0
1768365900000;100.8961661394952;101.04588675614276;100.78693570165161;100.91641122889719;0;0;0;0;0;0
1768366800000;100.9394675911315;101.09125035012426;100.83379755660735;100.9625239533658;0;0;0;0;0;0
1768367700000;100.98804565898251;101.14122479836617;100.88590993083228;101.01356736459923;0;0;0;0;0;0
1768368600000;101.04114851496017;101.1950071319144;100.94245219872784;101.06872966532111;0;0;0;0;0;0
1768369500000;101.09791234626432;101.2516929192801;101.00249713513496;101.12709502720753;0;0;0;0;0;0
1768370400000;101.15737835030247;101.31029425482625;101.06502909196858;101.18766167339741;0;0;0;0;0;0
1768371300000;101.21851172138693;101.36975953509221;101.12896400366071;101.24936176937646;0;0;0;0;0;0
1768372200000;101.28022224390057;101.42899462019281;101.19317081665656;101.31108271842469;0;0;0;0;0;0
1768373100000;101.341386073732;101.4868849488103;101.25649390926834;101.37168942903932;0;0;0;0;0;0
1768374000000;101.40086826540778;101.54231815548177;101.31777604807068;101.43004710177622;0;0;0;0;0;0
1768374900000;101.45754558698863;101.59420672827302;101.37588141612902;101.48504407220102;0;0;0;-1;0;0
1768375800000;101.51032915876375;101.64151024374607;101.4297182469069;101.53561424532649;0;0;1;0;0;0
1768376700000;101.55818645519388;101.68325672439225;101.47826060573028;101.58075866506127;0;0;1;0;0;0
1768377600000;101.60016222235187;101.71856268125491;101.52056887803003;101.61956577964247;0;0;1;0;0;0
1768378500000;101.6353978850287;101.74665143094431;101.55580854988553;101.65122999041492;0;0;1;0;0;0
1768379400000;101.66314904826594;101.7668693111188;101.58326690111511;101.67506810611695;0;0;1;0;0;0
1768380300000;101.6828007367219;101.78236727359506;101.59869946105864;101.69053336732685;0;0;1;0;0;0
1768381200000;101.69388006118896;101.79268062677451;101.60177288332764;101.69722675505108;0;0;1;0;0;0
1768382100000;101.69606605382079;101.79393414748279;101.59587655769818;101.69490535259048;0;0;1;0;0;0
1768383000000;101.68919647113539;101.78601674097762;101.58095843838298;101.6834875896803;0;0;1;0;0;0
1768383900000;101.67327142546289;101.76898129353641;101.55712922895457;101.66305526124549;0;0;1;0;0;0
1768384800000;101.64845376994968;101.7430436624593;101.52466089484845;101.63385227865388;0;0;1;0;0;0
1768385700000;101.61506622820272;101.70857841579678;101.48398193970635;101.59628017775157;0;0;0;0;0;0
1768386600000;101.57358532581365;101.66611141008337;101.4356695376681;101.55089047387574;0;0;0;0;0;0
1768387500000;101.52463224599589;101.61630935850924;101.38043867772284;101.49837401811604;0;0;0;0;0;0
1768388400000;101.46896079407483;101.5599666029886;101.31912853707865;101.43954757003362;0;0;0;-1;0;0
1768389300000;101.407442714319;101.49798936024527;101.2526863569635;101.37533785860438;0;0;0;-1;0;0
1768390200000;101.34105065639139;101.43137776317815;101.18214914517864;101.3067634541784;0;0;0;-1;0;0
1768391100000;101.2708391364405;101.36120606335452;101.1086235740507;101.2349148187026;0;0;0;0;0;0
1768392000000;101.19792387856715;101.28860139759885;101.03326447926452;101.16093293843169;0;0;0;0;0;0
1768392900000;101.12345995526655;101.21472155054542;100.9572523936574;101.08598697210141;0;0;0;0;0;0
1768393800000;101.0486191697872;101.14073216511875;100.88177056982721;101.01125136747298;0;0;0;0;0;0
1768394700000;100.9745671386718;101.06778386378836;100.80798195595288;100.93788290987062;0;0;0;0;0;0
1768395600000;100.9024405387405;100.99698974489523;100.73700659032555;100.86699816761039;0;0;0;0;0;0
1768396500000;100.83332497931978;100.92940371033845;100.6698998717199;100.79965179102918;0;0;0;0;0;0
1768397400000;100.7682339476834;100.86600006360939;100.60763214506588;100.73681610433763;0;0;0;0;0;0
1768398300000;100.70808925371601;100.80765479091946;100.55107001526929;100.67936240309437;0;0;0;0;0;0
1768399200000;100.65370336918257;100.75512890352587;100.50095976701564;100.62804433527076;0;0;0;0;0;0
1768400100000;100.6057640183134;100.70905417702501;100.45791322568705;100.58348370135603;0;0;0;0;0;0
1768401000000;100.56482133048118;100.6699215742194;100.42239634499326;100.54615895960633;0;0;0;0;0;0
1768401900000;100.53127781349114;100.63807258317668;100.3947207515752;100.51639666737594;0;0;0;0;0;0
1768402800000;100.50538134849154;100.61369364241007;100.3750384168042;100.49436602960714;0;0;0;0;0;0
1768403700000;100.48722134591215;100.59681376193727;100.36333956249702;100.48007666221714;0;0;0;0;0;0
1768404600000;100.47672813740701;100.58730538360764;100.3594538415861;100.47337961259687;0;0;0;0;0;0
1768405500000;100.4736756128292;100.58488845786091;100.36305476826213;100.47397161306152;0;0;0;0;0;0
1768406400000;100.47768704514088;100.58913764834357;100.37366730609692;100.48140247722024;0;0;0;0;0;0
1768407300000;100.48824398121134;100.59949251190439;100.39067845850049;100.49508548520244;0;0;0;0;0;0
1768408200000;100.50469801399984;100.61527044072048;100.41335064487404;100.51431054279726;0;0;0;0;0;0
1768409100000;100.52628519293366;100.63568209690987;100.44083758923023;100.53825984307005;0;0;0;0;0;0
1768410000000;100.55214277556789;100.65984901911553;100.47220239701592;100.56602570806572;0;0;0;0;0;0
1768410900000;100.58132797594955;100.68682303623663;100.50643745143014;100.59663024383339;0;0;0;0;0;0
1768411800000;100.61283832447246;100.72248572358346;100.53560708663962;100.62904640511154;0;0;0;0;0;0
1768412700000;100.6456332212314;100.75926306214923;100.56517701255335;100.66222003735129;0;0;0;0;0;0
1768413600000;100.67865624063072;100.79568100829387;100.59450387952639;100.69509244391013;0;0;0;0;0;0
1768414500000;100.71085772976703;100.83066967104808;100.62257636019977;100.72662301562393;0;0;0;0;0;0
1768415400000;100.74121723720101;100.86320019710975;100.64842272044645;100.7558114587781;0;0;0;0;0;0
1768416300000;100.768765312275;100.89230637737536;100.67113195416842;100.78171916577189;0;0;0;0;0;0
1768417200000;100.79260422805407;100.91710495011246;100.68987363056003;100.80348929033624;0;0;0;0;0;0
1768418100000;100.81192720300061;100.93681418725009;100.70391604407988;100.82036511566498;0;0;0;0;0;0
1768419000000;100.82603572718915;100.95077038523965;100.71264229218701;100.83170633871333;0;0;0;0;0;0
1768419900000;100.83435463760352;100.95844192461017;100.71556394837724;100.8370029364937;0;0;0;0;0;0
1768420800000;100.83644463304195;100.9594406118432;100.71233204733718;100.8358863295902;0;0;0;0;0;0
1768421700000;100.8320119714514;100.95353007251532;100.70274515410986;100.82813761331259;0;0;0;0;0;0
1768422600000;100.8209151500529;100.94063102467337;100.68675434891304;100.8136926867932;0;0;0;0;0;0
1768423500000;100.80316843023446;100.9208233249006;100.66446502245086;100.79264417367573;0;0;0;0;0;0
1768424400000;100.77894213361908;100.89434474520402;100.63613544192086;100.76524009356244;0;0;0;0;0;0
1768425300000;100.74855970165133;100.86158650537305;100.60217211410736;100.73187930974021;0;0;0;0;0;0
1768426200000;100.71249157714223;100.82308565146907;100.56312203761941;100.69310384454424;0;0;0;0;0;0
1768427100000;100.67134603112177;100.77951443526462;100.51966200013396;100.64958821769929;0;0;0;0;0;0
1768428000000;100.6258571207485;100.73166691045195;100.4725851371435;100.60212602379772;0;0;0;0;0;0
1768428900000;100.57687002264494;100.68044301804404;100.42278502494027;100.55161402149216;0;0;0;0;0;0
1768429800000;100.52532403967021;100.62683048444502;100.37123763125147;100.49903405784825;0;0;0;0;0;0
1768430700000;100.47223362671551;100.57188490013213;100.31898149103343;100.44543319558278;0;0;0;0;0;0
1768431600000;100.41866782164242;100.51670838386528;100.26709651153882;100.39190244770205;0;0;0;0;0;0
1768432500000;100.36572850015322;100.46242726606964;100.21668183913918;100.33955455260441;0;0;0;0;0;0
1768433400000;100.31452789752106;100.41016924493972;100.1688332399357;100.28950124243771;0;0;0;0;0;0
1768434300000;102.0661658552208;104.1428304680039;99.9428304680039;102.0428304680039;0;0;0;0;0;0
