date,usd_per_gbp
2021-12-01,1.3310588235
2021-12-02,1.3318846538
2021-12-03,1.3276032358
2021-12-06,1.3258857250
2021-12-07,1.3252799265
2021-12-08,1.3199303763
2021-12-09,1.3192209004
2021-12-10,1.3207193486
2021-12-13,1.3243617746
2021-12-14,1.3250922725
2021-12-15,1.3252530007
2021-12-16,1.3362409383
2021-12-17,1.3296873533
2021-12-20,1.3230444223
2021-12-21,1.3244606004
2021-12-22,1.3310954064
2021-12-23,1.3427838723
2021-12-24,1.3410515589
2021-12-27,1.3413968932
2021-12-28,1.3449577438
2021-12-29,1.3437555727
2021-12-30,1.3504110568
2021-12-31,1.3478840387
2022-01-03,1.3496166875
2022-01-04,1.3488722524
2022-01-05,1.3548224930
2022-01-06,1.3535822377
2022-01-07,1.3541891406
2022-01-10,1.3571068851
2022-01-11,1.3580113807
2022-01-12,1.3643235979
2022-01-13,1.3720749297
2022-01-14,1.3707668726
2022-01-17,1.3644358824
2022-01-18,1.3585027428
2022-01-19,1.3641063871
2022-01-20,1.3616765748
2022-01-21,1.3568806572
2022-01-24,1.3488777251
2022-01-25,1.3460274987
2022-01-26,1.3512185770
2022-01-27,1.3386431245
2022-01-28,1.3390560004
2022-01-31,1.3416232728
2022-02-01,1.3485352943
2022-02-02,1.3577552611
2022-02-03,1.3563599654
2022-02-04,1.3551948743
2022-02-07,1.3517151798
2022-02-08,1.3522515795
2022-02-09,1.3571894843
2022-02-10,1.3577770392
2022-02-11,1.3598465900
2022-02-14,1.3516483516
2022-02-15,1.3543842894
2022-02-16,1.3547772218
2022-02-17,1.3617908088
2022-02-18,1.3609829188
2022-02-21,1.3611371221
2022-02-22,1.3553205473
2022-02-23,1.3591651390
2022-02-24,1.3374788829
2022-02-25,1.3393838070
2022-02-28,1.3403949731
2022-03-01,1.3401368712
2022-03-02,1.3329972634
2022-03-03,1.3381175021
2022-03-04,1.3265281352
2022-03-07,1.3186081694
2022-03-08,1.3093706798
2022-03-09,1.3154241953
2022-03-10,1.3167805168
2022-03-11,1.3088007622
2022-03-14,1.3060835369
2022-03-15,1.3076273304
2022-03-16,1.3089965233
2022-03-17,1.3106801874
2022-03-18,1.3116473041
2022-03-21,1.3175768427
2022-03-22,1.3245542366
2022-03-23,1.3190441883
2022-03-24,1.3180770339
2022-03-25,1.3195010794
2022-03-28,1.3110481451
2022-03-29,1.3127664614
2022-03-30,1.3157054504
2022-03-31,1.3122524972
2022-04-01,1.3134470260
2022-04-04,1.3118369293
2022-04-05,1.3138100371
2022-04-06,1.3085668420
2022-04-07,1.3080886759
2022-04-08,1.3029812249
2022-04-11,1.3023789325
2022-04-12,1.3014199269
2022-04-13,1.2999519693
2022-04-14,1.3120567376
2022-04-19,1.3022723163
2022-04-20,1.3053697342
2022-04-21,1.3034732948
2022-04-22,1.2888888889
2022-04-25,1.2742796158
2022-04-26,1.2686753432
2022-04-27,1.2566644897
2022-04-28,1.2430349733
2022-04-29,1.2561376746
2022-05-02,1.2556974108
2022-05-03,1.2547248306
2022-05-04,1.2508017198
2022-05-05,1.2405211879
2022-05-06,1.2344525547
2022-05-09,1.2388103479
2022-05-10,1.2330159472
2022-05-11,1.2358155821
2022-05-12,1.2202642655
2022-05-13,1.2201139635
2022-05-16,1.2254688694
2022-05-17,1.2489336493
2022-05-18,1.2428250856
2022-05-19,1.2422103673
2022-05-20,1.2469936336
2022-05-23,1.2572095821
2022-05-24,1.2501457726
2022-05-25,1.2493112140
2022-05-26,1.2573907115
2022-05-27,1.2632695140
2022-05-30,1.2641221374
2022-05-31,1.2583100378
2022-06-01,1.2578970854
2022-06-02,1.2550032279
2022-06-03,1.2561461016
2022-06-06,1.2557513317
2022-06-07,1.2489896328
2022-06-08,1.2549225825
2022-06-09,1.2542467865
2022-06-10,1.2437682250
2022-06-13,1.2178217822
2022-06-14,1.2072350944
2022-06-15,1.2082985822
2022-06-16,1.2156633548
2022-06-17,1.2264327485
2022-06-20,1.2265009096
2022-06-21,1.2266015580
2022-06-22,1.2250101880
2022-06-23,1.2227038617
2022-06-24,1.2269595327
2022-06-27,1.2264501160
2022-06-28,1.2230457441
2022-06-29,1.2163865789
2022-06-30,1.2103239338
2022-07-01,1.2031437540
2022-07-04,1.2162633783
2022-07-05,1.1986720252
2022-07-06,1.1878472384
2022-07-07,1.1961694378
2022-07-08,1.2015132707
2022-07-11,1.1944641590
2022-07-12,1.1838770145
2022-07-13,1.1931824916
2022-07-14,1.1831835383
2022-07-15,1.1835788582
2022-07-18,1.1959909336
2022-07-19,1.2010128600
2022-07-20,1.1973749090
2022-07-21,1.1922380034
2022-07-22,1.1968381861
2022-07-25,1.2068904531
2022-07-26,1.1972847040
2022-07-27,1.2065891749
2022-07-28,1.2109683440
2022-07-29,1.2141921657
2022-08-01,1.2225806452
2022-08-02,1.2220163748
2022-08-03,1.2189551471
2022-08-04,1.2086998848
2022-08-05,1.2143399630
2022-08-08,1.2117863720
2022-08-09,1.2108376716
2022-08-10,1.2117057489
2022-08-11,1.2223470293
2022-08-12,1.2140707077
2022-08-15,1.2082962963
2022-08-16,1.2029494882
2022-08-17,1.2070112103
2022-08-18,1.2060527781
2022-08-19,1.1836869246
2022-08-22,1.1813413972
2022-08-23,1.1769797138
2022-08-24,1.1786481260
2022-08-25,1.1827791157
2022-08-26,1.1830003547
2022-08-29,1.1690470616
2022-08-30,1.1715803608
2022-08-31,1.1623176614
2022-09-01,1.1568929030
2022-09-02,1.1555540137
2022-09-05,1.1487065472
2022-09-06,1.1578787773
2022-09-07,1.1426424691
2022-09-08,1.1550267725
2022-09-09,1.1569191803
2022-09-12,1.1702274770
2022-09-13,1.1723295657
2022-09-14,1.1549399986
2022-09-15,1.1493776888
2022-09-16,1.1389016018
2022-09-19,1.1380076323
2022-09-20,1.1426282968
2022-09-21,1.1342531631
2022-09-22,1.1327587788
2022-09-23,1.1058831533
2022-09-26,1.0789226433
2022-09-27,1.0802576309
2022-09-28,1.0596224576
2022-09-29,1.0846510588
2022-09-30,1.1039637599
2022-10-03,1.1213965775
2022-10-04,1.1333402083
2022-10-05,1.1352186856
2022-10-06,1.1257892513
2022-10-07,1.1211562890
2022-10-10,1.1053231506
2022-10-11,1.1086279831
2022-10-12,1.1049635701
2022-10-13,1.1257267694
2022-10-14,1.1191734909
2022-10-17,1.1291594203
2022-10-18,1.1313960979
2022-10-19,1.1239984826
2022-10-20,1.1243668202
2022-10-21,1.1091099763
2022-10-24,1.1313885380
2022-10-25,1.1315883089
2022-10-26,1.1573502073
2022-10-27,1.1570695717
2022-10-28,1.1554807246
2022-10-31,1.1512512338
2022-11-01,1.1558483813
2022-11-02,1.1507549361
2022-11-03,1.1181042784
2022-11-04,1.1285123117
2022-11-07,1.1468411086
2022-11-08,1.1439950560
2022-11-09,1.1437327682
2022-11-10,1.1402323077
2022-11-11,1.1775457516
2022-11-14,1.1791390993
2022-11-15,1.1896403865
2022-11-16,1.1901740910
2022-11-17,1.1796513290
2022-11-18,1.1906320710
2022-11-21,1.1805099490
2022-11-22,1.1896986961
2022-11-23,1.1954520719
2022-11-24,1.2117579975
2022-11-25,1.2080107120
2022-11-28,1.2081149112
2022-11-29,1.2023011436
2022-11-30,1.1997040052
2022-12-01,1.2196231698
2022-12-02,1.2274183216
2022-12-05,1.2298309810
2022-12-06,1.2203783219
2022-12-07,1.2185214332
2022-12-08,1.2194810916
2022-12-09,1.2285049447
2022-12-12,1.2280538567
2022-12-13,1.2296945879
2022-12-14,1.2365591398
2022-12-15,1.2322203402
2022-12-16,1.2173145484
2022-12-19,1.2165109392
2022-12-20,1.2108991203
2022-12-21,1.2134487912
2022-12-22,1.2049680995
2022-12-23,1.2066341020
2022-12-27,1.2027215197
2022-12-28,1.2082945331
2022-12-29,1.2026109837
2022-12-30,1.2025751750
2023-01-02,1.2053480763
2023-01-03,1.1976421952
2023-01-04,1.2033925246
2023-01-05,1.2005254635
2023-01-06,1.1867759254
2023-01-09,1.2147919317
2023-01-10,1.2139703385
2023-01-11,1.2119810991
2023-01-12,1.2145675950
2023-01-13,1.2177927928
2023-01-16,1.2181437166
2023-01-17,1.2238839664
2023-01-18,1.2383182909
2023-01-19,1.2339129244
2023-01-20,1.2358447489
2023-01-23,1.2357621917
2023-01-24,1.2287253304
2023-01-25,1.2326624966
2023-01-26,1.2388424584
2023-01-27,1.2362746771
2023-01-30,1.2392870945
2023-01-31,1.2300023844
2023-02-01,1.2321717395
2023-02-02,1.2306107135
2023-02-03,1.2254341737
2023-02-06,1.2070162862
2023-02-07,1.1976986277
2023-02-08,1.2088963964
2023-02-09,1.2168559001
2023-02-10,1.2099877756
2023-02-13,1.2104529854
2023-02-14,1.2208794326
2023-02-15,1.2046158176
2023-02-16,1.2038297537
2023-02-17,1.1953244532
2023-02-20,1.2028668665
2023-02-21,1.2128518624
2023-02-22,1.2103018932
2023-02-23,1.2044474699
2023-02-24,1.1978015752
2023-02-27,1.1983241175
2023-02-28,1.2108185768
2023-03-01,1.2062230451
2023-03-02,1.1944585234
2023-03-03,1.1990285779
2023-03-06,1.2011734176
2023-03-07,1.1987456164
2023-03-08,1.1838471383
2023-03-09,1.1883261648
2023-03-10,1.1994380113
2023-03-13,1.2114971144
2023-03-14,1.2193653894
2023-03-15,1.2091514505
2023-03-16,1.2064450011
2023-03-17,1.2142236650
2023-03-20,1.2239607127
2023-03-21,1.2240864221
2023-03-22,1.2266135911
2023-03-23,1.2289461496
2023-03-24,1.2218558108
2023-03-27,1.2267416703
2023-03-28,1.2328003821
2023-03-29,1.2327817430
2023-03-30,1.2347443401
2023-03-31,1.2369199272
2023-04-03,1.2381820253
2023-04-04,1.2482108710
2023-04-05,1.2476478303
2023-04-06,1.2474998571
2023-04-11,1.2429050127
2023-04-12,1.2406006497
2023-04-13,1.2508801018
2023-04-14,1.2502261420
2023-04-17,1.2425740894
2023-04-18,1.2447953893
2023-04-19,1.2408634857
2023-04-20,1.2414778850
2023-04-21,1.2394716044
2023-04-24,1.2436838000
2023-04-25,1.2433865418
2023-04-26,1.2464995483
2023-04-27,1.2486995069
2023-04-28,1.2471323112
2023-05-02,1.2478945691
2023-05-03,1.2511187900
2023-05-04,1.2581946259
2023-05-05,1.2605003548
2023-05-08,1.2653047187
2023-05-09,1.2597999770
2023-05-10,1.2613318282
2023-05-11,1.2592891296
2023-05-12,1.2516662836
2023-05-15,1.2509345203
2023-05-16,1.2515815869
2023-05-17,1.2462166983
2023-05-18,1.2444470020
2023-05-19,1.2445877476
2023-05-22,1.2461138107
2023-05-23,1.2390652121
2023-05-24,1.2397549228
2023-05-25,1.2368508981
2023-05-26,1.2384089940
2023-05-29,1.2343759000
2023-05-30,1.2440224628
2023-05-31,1.2363867832
2023-06-01,1.2464024795
2023-06-02,1.2525311300
2023-06-05,1.2383721604
2023-06-06,1.2407233197
2023-06-07,1.2465976503
2023-06-08,1.2468500691
2023-06-09,1.2564834781
2023-06-12,1.2564485632
2023-06-13,1.2571927781
2023-06-14,1.2648762507
2023-06-15,1.2645666530
2023-06-16,1.2836540713
2023-06-19,1.2809025660
2023-06-20,1.2756548626
2023-06-21,1.2726616023
2023-06-22,1.2756198107
2023-06-23,1.2732951953
2023-06-26,1.2713384103
2023-06-27,1.2735201768
2023-06-28,1.2656792409
2023-06-29,1.2659722222
2023-06-30,1.2660204129
2023-07-03,1.2676203768
2023-07-04,1.2716958668
2023-07-05,1.2696504639
2023-07-06,1.2775758997
2023-07-07,1.2764660367
2023-07-10,1.2779209873
2023-07-11,1.2911526260
2023-07-12,1.2909648856
2023-07-13,1.3070260540
2023-07-14,1.3110176422
2023-07-17,1.3077451585
2023-07-18,1.3111908479
2023-07-19,1.2911019582
2023-07-20,1.2881960423
2023-07-21,1.2828408645
2023-07-24,1.2850028952
2023-07-25,1.2827924038
2023-07-26,1.2905070307
2023-07-27,1.2953367876
2023-07-28,1.2868162693
2023-07-31,1.2852562234
2023-08-01,1.2775869097
2023-08-02,1.2767614310
2023-08-03,1.2642827404
2023-08-04,1.2699407144
2023-08-07,1.2747931247
2023-08-08,1.2702244713
2023-08-09,1.2726850777
2023-08-10,1.2766327204
2023-08-11,1.2733900365
2023-08-14,1.2677608305
2023-08-15,1.2711302426
2023-08-16,1.2745636056
2023-08-17,1.2764213361
2023-08-18,1.2710982186
2023-08-21,1.2761626206
2023-08-22,1.2764984523
2023-08-23,1.2614852953
2023-08-24,1.2656158786
2023-08-25,1.2619828824
2023-08-28,1.2594534755
2023-08-29,1.2582110412
2023-08-30,1.2669925512
2023-08-31,1.2678783919
2023-09-01,1.2677406533
2023-09-04,1.2625365283
2023-09-05,1.2545741509
2023-09-06,1.2566810521
2023-09-07,1.2467986030
2023-09-08,1.2484982796
2023-09-11,1.2520723876
2023-09-12,1.2467849869
2023-09-13,1.2467185504
2023-09-14,1.2477469620
2023-09-15,1.2410629032
2023-09-18,1.2378542158
2023-09-19,1.2418997716
2023-09-20,1.2367964868
2023-09-21,1.2264597004
2023-09-22,1.2266835647
2023-09-25,1.2226757891
2023-09-26,1.2186853597
2023-09-27,1.2136850593
2023-09-28,1.2207383040
2023-09-29,1.2253348447
2023-10-02,1.2155423189
2023-10-03,1.2064534716
2023-10-04,1.2122926964
2023-10-05,1.2154032677
2023-10-06,1.2210149116
2023-10-09,1.2171752196
2023-10-10,1.2249102905
2023-10-11,1.2292354953
2023-10-12,1.2310456759
2023-10-13,1.2178441243
2023-10-16,1.2176324455
2023-10-17,1.2173462336
2023-10-18,1.2198360466
2023-10-19,1.2121977543
2023-10-20,1.2143831768
2023-10-23,1.2159076566
2023-10-24,1.2217178972
2023-10-25,1.2122879413
2023-10-26,1.2091315820
2023-10-27,1.2112889696
2023-10-30,1.2141507814
2023-10-31,1.2154613923
2023-11-01,1.2119155788
2023-11-02,1.2211213562
2023-11-03,1.2303553568
2023-11-06,1.2397276085
2023-11-07,1.2303264061
2023-11-08,1.2263402862
2023-11-09,1.2259618141
2023-11-10,1.2218219249
2023-11-13,1.2242556365
2023-11-14,1.2293935573
2023-11-15,1.2465018122
2023-11-16,1.2396023766
2023-11-17,1.2440070942
2023-11-20,1.2470615086
2023-11-21,1.2544946522
2023-11-22,1.2537056188
2023-11-23,1.2537382103
2023-11-24,1.2573429473
2023-11-27,1.2635137474
2023-11-28,1.2611149505
2023-11-29,1.2695752673
2023-11-30,1.2656307892
2023-12-01,1.2638735545
2023-12-04,1.2668143140
2023-12-05,1.2618550447
2023-12-06,1.2589650742
2023-12-07,1.2560932945
2023-12-08,1.2576730074
2023-12-11,1.2569525590
2023-12-12,1.2573317196
2023-12-13,1.2525545750
2023-12-14,1.2703158630
2023-12-15,1.2752670884
2023-12-18,1.2656643057
2023-12-19,1.2732446716
2023-12-20,1.2643983594
2023-12-21,1.2652496976
2023-12-22,1.2719824602
2023-12-27,1.2743291489
2023-12-28,1.2765908569
2023-12-29,1.2715033657
2024-01-02,1.2644699636
2024-01-03,1.2627500867
2024-01-04,1.2695009156
2024-01-05,1.2667903955
2024-01-08,1.2705745792
2024-01-09,1.2730107752
2024-01-10,1.2724503912
2024-01-11,1.2754077428
2024-01-12,1.2730657359
2024-01-15,1.2715654952
2024-01-16,1.2642022352
2024-01-17,1.2674497192
2024-01-18,1.2678815012
2024-01-19,1.2685115060
2024-01-22,1.2725679229
2024-01-23,1.2716830618
2024-01-24,1.2747974703
2024-01-25,1.2734691015
2024-01-26,1.2734279824
2024-01-29,1.2695601173
2024-01-30,1.2666417527
2024-01-31,1.2684496986
2024-02-01,1.2669736272
2024-02-02,1.2764035983
2024-02-05,1.2554471640
2024-02-06,1.2570793354
2024-02-07,1.2632319325
2024-02-08,1.2600435709
2024-02-09,1.2607677903
2024-02-12,1.2616083662
2024-02-13,1.2683024278
2024-02-14,1.2565389758
2024-02-15,1.2545104221
2024-02-16,1.2578704515
2024-02-19,1.2611178729
2024-02-20,1.2610319869
2024-02-21,1.2624534274
2024-02-22,1.2664525547
2024-02-23,1.2695101945
2024-02-26,1.2693139950
2024-02-27,1.2679280542
2024-02-28,1.2633842989
2024-02-29,1.2639075360
2024-03-01,1.2633780437
2024-03-04,1.2673077597
2024-03-05,1.2682510550
2024-03-06,1.2718426162
2024-03-07,1.2750892387
2024-03-08,1.2835806876
2024-03-11,1.2822739649
2024-03-12,1.2773526177
2024-03-13,1.2801488572
2024-03-14,1.2789744790
2024-03-15,1.2752605081
2024-03-18,1.2735457469
2024-03-19,1.2702908304
2024-03-20,1.2692244669
2024-03-21,1.2730222461
2024-03-22,1.2614954251
2024-03-25,1.2643235548
2024-03-26,1.2644735922
2024-03-27,1.2610763921
2024-03-28,1.2642965735
2024-04-02,1.2570459595
2024-04-03,1.2580355372
2024-04-04,1.2649787849
2024-04-05,1.2639175498
2024-04-08,1.2614954251
2024-04-09,1.2685756978
2024-04-10,1.2699526399
2024-04-11,1.2544869921
2024-04-12,1.2469563589
2024-04-15,1.2477021252
2024-04-16,1.2449672285
2024-04-17,1.2456674473
2024-04-18,1.2471387864
2024-04-19,1.2442186405
2024-04-22,1.2315818738
2024-04-23,1.2404416037
2024-04-24,1.2433533073
2024-04-25,1.2512401517
2024-04-26,1.2510070876
2024-04-29,1.2539038284
2024-04-30,1.2538898898
2024-05-02,1.2506722159
2024-05-03,1.2555362089
2024-05-06,1.2579967313
2024-05-07,1.2547054367
2024-05-08,1.2479815992
2024-05-09,1.2479795337
2024-05-10,1.2525710302
2024-05-13,1.2548969462
2024-05-14,1.2555970366
2024-05-15,1.2618825722
2024-05-16,1.2656959814
2024-05-17,1.2655657350
2024-05-20,1.2695796512
2024-05-21,1.2715355805
2024-05-22,1.2716491516
2024-05-23,1.2743175814
2024-05-24,1.2716885067
2024-05-27,1.2745973904
2024-05-28,1.2790314998
2024-05-29,1.2753435922
2024-05-30,1.2707831502
2024-05-31,1.2712469982
2024-06-03,1.2729087173
2024-06-04,1.2760884629
2024-06-05,1.2783369391
2024-06-06,1.2769133133
2024-06-07,1.2803101504
2024-06-10,1.2719210075
2024-06-11,1.2743770636
2024-06-12,1.2760030818
2024-06-13,1.2766965004
2024-06-14,1.2690457811
2024-06-17,1.2665980869
2024-06-18,1.2674473622
2024-06-19,1.2727488011
2024-06-20,1.2683255830
2024-06-21,1.2643882126
2024-06-24,1.2663755459
2024-06-25,1.2684543894
2024-06-26,1.2656743988
2024-06-27,1.2644520629
2024-06-28,1.2647983175
2024-07-01,1.2672484963
2024-07-02,1.2658840186
2024-07-03,1.2704298536
2024-07-04,1.2756457957
2024-07-05,1.2792360512
2024-07-08,1.2836156853
2024-07-09,1.2798996343
2024-07-10,1.2807922573
2024-07-11,1.2875867386
2024-07-12,1.2959811494
2024-07-15,1.2977571539
2024-07-16,1.2969616217
2024-07-17,1.3029851636
2024-07-18,1.2984852985
2024-07-19,1.2921214998
2024-07-22,1.2928813157
2024-07-23,1.2917345640
2024-07-24,1.2918438069
2024-07-25,1.2874940674
2024-07-26,1.2870653488
2024-07-29,1.2824708044
2024-07-30,1.2845953003
2024-07-31,1.2832424745
2024-08-01,1.2794089745
2024-08-02,1.2747058824
2024-08-05,1.2769277347
2024-08-06,1.2692155632
2024-08-07,1.2728416931
2024-08-08,1.2695573392
2024-08-09,1.2737434078
2024-08-12,1.2769712696
2024-08-13,1.2791078659
2024-08-14,1.2845202429
2024-08-15,1.2861064066
2024-08-16,1.2914669674
2024-08-19,1.2952383187
2024-08-20,1.3010305890
2024-08-21,1.3031194682
2024-08-22,1.3108790601
2024-08-23,1.3124756588
2024-08-26,1.3188020556
2024-08-27,1.3219166726
2024-08-28,1.3208892269
2024-08-29,1.3172557173
2024-08-30,1.3179980980
2024-09-02,1.3133771878
2024-09-03,1.3123624903
2024-09-04,1.3116038363
2024-09-05,1.3160890913
2024-09-06,1.3171912258
2024-09-09,1.3089551354
2024-09-10,1.3090844360
2024-09-11,1.3088000000
2024-09-12,1.3042860526
2024-09-13,1.3117490382
2024-09-16,1.3201547260
2024-09-17,1.3216972401
2024-09-18,1.3207479964
2024-09-19,1.3288387550
2024-09-20,1.3307114766
2024-09-23,1.3313297732
2024-09-24,1.3377793800
2024-09-25,1.3381468686
2024-09-26,1.3370810759
2024-09-27,1.3388850224
2024-09-30,1.3401481872
2024-10-01,1.3325640378
2024-10-02,1.3292431083
2024-10-03,1.3101426571
2024-10-04,1.3171314265
2024-10-07,1.3086584523
2024-10-08,1.3108453293
2024-10-09,1.3084547409
2024-10-10,1.3063116889
2024-10-11,1.3067319754
2024-10-14,1.3046076615
2024-10-15,1.3080199148
2024-10-16,1.3033909455
2024-10-17,1.3020190522
2024-10-18,1.3042746348
2024-10-21,1.3026465822
2024-10-22,1.2984161267
2024-10-23,1.2949199019
2024-10-24,1.2980411008
2024-10-25,1.2986156098
2024-10-28,1.2988353944
2024-10-29,1.2977595760
2024-10-30,1.2963739886
2024-10-31,1.2992967416
2024-11-01,1.2958641872
2024-11-04,1.2971223963
2024-11-05,1.2984985701
2024-11-06,1.2851014744
2024-11-07,1.2965077839
2024-11-08,1.2948983026
2024-11-11,1.2882196420
2024-11-12,1.2817045935
2024-11-13,1.2742618057
2024-11-14,1.2666249790
2024-11-15,1.2681085615
2024-11-18,1.2628051699
2024-11-19,1.2647361247
2024-11-20,1.2667306308
2024-11-21,1.2640351615
2024-11-22,1.2513671053
2024-11-25,1.2574132870
2024-11-26,1.2604216579
2024-11-27,1.2627098321
2024-11-28,1.2666105971
2024-11-29,1.2693948681
2024-12-02,1.2674612174
2024-12-03,1.2646319310
2024-12-04,1.2666908125
2024-12-05,1.2729468599
2024-12-06,1.2770502685
2024-12-09,1.2762514341
2024-12-10,1.2751499001
2024-12-11,1.2742244537
2024-12-12,1.2727471248
2024-12-13,1.2665727394
2024-12-16,1.2656579661
2024-12-17,1.2700851805
2024-12-18,1.2719340766
2024-12-19,1.2608405604
2024-12-20,1.2523353221
2024-12-23,1.2522441111
2024-12-24,1.2553589759
2024-12-27,1.2557462273
2024-12-30,1.2590717300
2024-12-31,1.2529245761
