2017.11.02,00:00,109.918,110.078,109.638,110.048,22
2017.11.03,00:00,109.548,110.617,109.547,110.198,32
2017.11.06,00:00,109.798,109.917,109.178,109.308,44
2017.11.07,00:00,109.090,110.548,109.090,110.468,38
2017.11.08,00:00,110.378,112.027,109.917,111.997,40
2017.11.09,00:00,111.308,112.398,111.007,111.558,53
2017.11.10,00:00,111.198,112.958,111.197,112.818,50
2017.11.13,00:00,112.587,114.168,112.498,114.108,43
2017.11.14,00:00,113.588,116.117,113.588,115.847,55
2017.11.15,00:00,115.437,115.868,115.028,115.158,49
2017.11.16,00:00,114.987,115.818,114.917,115.248,45
2017.11.17,00:00,114.438,115.098,114.227,114.758,35
2017.11.20,00:00,114.247,115.748,114.247,114.928,39
2017.11.21,00:00,114.997,116.307,114.987,116.168,40
2017.11.22,00:00,115.567,115.748,114.267,115.158,45
2017.11.24,00:00,114.818,116.217,114.818,115.898,16
2017.11.27,00:00,115.508,116.378,115.508,115.998,36
2017.11.28,00:00,115.807,116.818,115.278,116.818,54
2017.11.29,00:00,115.747,117.348,115.747,116.920,65
2017.11.30,00:00,115.838,117.188,115.507,116.847,63
2017.12.01,00:00,115.528,116.838,115.098,116.838,72
2017.12.04,00:00,116.977,118.187,116.547,117.498,53
2017.12.05,00:00,116.877,117.918,116.877,117.668,53
2017.12.06,00:00,116.997,118.898,116.997,118.898,48
2017.12.07,00:00,117.208,118.598,116.538,116.707,46
2017.12.08,00:00,116.258,116.558,115.897,116.558,44
2017.12.11,00:00,116.018,117.398,115.557,117.398,40
2017.12.12,00:00,117.278,118.318,117.107,117.417,50
2017.12.13,00:00,117.137,118.178,117.038,118.110,60
2017.12.14,00:00,116.928,118.547,116.928,118.208,60
2017.12.15,00:00,117.597,119.338,117.597,119.208,46
2017.12.18,00:00,119.008,119.677,117.998,118.177,40
2017.12.19,00:00,117.908,119.358,117.497,118.818,50
2017.12.20,00:00,118.657,119.088,117.557,119.088,2
2017.12.21,00:00,118.747,119.368,118.068,118.278,2
2017.12.22,00:00,118.277,118.698,118.197,118.657,1
2017.12.26,00:00,118.397,119.208,118.347,118.888,1
2017.12.27,00:00,118.868,119.308,118.797,119.308,1
2017.12.28,00:00,119.358,119.467,119.037,119.448,2
2017.12.29,00:00,119.467,120.518,119.398,119.988,1
2018.01.02,00:00,119.978,119.978,117.947,118.058,3
2018.01.03,00:00,117.368,118.407,117.368,117.748,3
2018.01.04,00:00,116.578,119.087,116.577,118.318,4
2018.01.05,00:00,117.568,119.038,117.568,118.638,3
2018.01.08,00:00,117.998,118.698,117.667,117.998,4
2018.01.09,00:00,118.148,118.978,117.947,118.108,4
2018.01.10,00:00,118.227,118.227,116.658,117.508,2
2018.01.11,00:00,117.458,117.777,116.377,116.908,2
2018.01.12,00:00,116.878,117.987,116.847,117.328,4
2018.01.16,00:00,117.058,118.227,117.037,117.888,4
2018.01.17,00:00,118.328,120.148,117.637,119.178,4
2018.01.18,00:00,118.087,119.567,118.087,119.048,3
2018.01.19,00:00,118.807,120.657,118.797,120.188,4
2018.01.22,00:00,118.308,121.828,118.308,121.518,2
2018.01.23,00:00,120.867,122.418,120.838,121.318,2
2018.01.24,00:00,120.998,121.398,120.798,121.258,2
2018.01.25,00:00,119.198,121.427,119.198,120.918,2
2018.01.26,00:00,120.607,121.798,120.498,121.737,3
2018.01.29,00:00,121.308,122.078,119.647,119.828,3
2018.01.30,00:00,119.778,120.857,119.497,119.988,3
2018.01.31,00:00,118.997,120.668,118.997,120.337,1
2018.02.01,00:00,120.177,120.957,119.247,120.348,1
2018.02.02,00:00,119.967,119.967,118.387,118.738,2
2018.02.05,00:00,118.568,119.328,114.407,114.857,3
2018.02.06,00:00,111.687,113.887,110.237,113.578,3
2018.02.07,00:00,112.187,115.698,112.187,113.597,46
2018.02.08,00:00,113.658,113.658,110.127,110.407,83
2018.02.09,00:00,110.498,111.807,108.807,111.138,98
2018.02.12,00:00,111.558,112.728,111.017,111.928,69
2018.02.13,00:00,110.998,112.618,110.667,112.208,45
2018.02.14,00:00,110.658,111.498,108.747,109.128,60
2018.02.15,00:00,109.527,111.007,108.698,111.007,43
2018.02.16,00:00,110.998,111.678,109.747,111.227,52
2018.02.20,00:00,110.348,110.618,109.337,109.578,48
2018.02.21,00:00,109.097,109.588,107.927,108.038,20
2018.02.22,00:00,108.357,109.947,107.997,109.368,28
2018.02.23,00:00,109.398,109.848,108.557,109.677,15
2018.02.26,00:00,110.087,111.137,109.997,110.938,14
2018.02.27,00:00,111.017,112.057,110.648,111.048,28
2018.02.28,00:00,111.027,111.507,109.667,109.808,21
2018.03.01,00:00,108.975,109.807,107.237,108.248,49
2018.03.02,00:00,107.597,109.277,107.597,109.208,24
2018.03.05,00:00,108.347,109.568,108.007,109.568,15
2018.03.06,00:00,109.198,109.607,108.417,109.607,13
2018.03.07,00:00,108.527,110.038,108.527,109.888,15
2018.03.08,00:00,110.017,112.107,109.528,112.107,15
2018.03.09,00:00,112.217,112.557,111.617,112.557,13
2018.03.12,00:00,112.488,113.047,112.007,112.948,12
2018.03.13,00:00,112.997,113.817,112.688,113.698,17
2018.03.14,00:00,113.297,113.688,112.197,112.607,19
2018.03.15,00:00,112.248,113.158,111.637,112.098,16
2018.03.16,00:00,112.047,112.917,111.577,111.807,13
2018.03.19,00:00,110.747,111.767,110.058,110.458,18
2018.03.20,00:00,110.748,111.138,109.827,109.895,12
2018.03.21,00:00,109.218,109.888,108.508,108.768,19
2018.03.22,00:00,108.398,109.638,107.797,108.005,23
2018.03.23,00:00,107.998,108.687,105.928,106.225,32
2018.03.26,00:00,106.677,107.377,106.047,106.798,21
2018.03.27,00:00,107.098,108.468,106.507,107.698,25
2018.03.28,00:00,107.997,110.048,107.947,109.248,27
2018.03.29,00:00,109.588,110.577,108.957,109.378,16
2018.04.02,00:00,108.498,109.138,106.428,107.117,31
2018.04.03,00:00,107.178,108.468,106.557,108.200,22
2018.04.04,00:00,107.048,110.678,107.048,110.308,19
2018.04.05,00:00,110.428,111.158,109.737,110.718,13
2018.04.06,00:00,109.558,110.937,108.738,109.467,23
2018.04.09,00:00,109.397,110.427,108.758,109.387,12
2018.04.10,00:00,109.577,110.178,108.907,109.437,14
2018.04.11,00:00,108.827,109.418,108.407,108.738,14
2018.04.12,00:00,108.777,109.508,108.258,108.408,11
2018.04.13,00:00,108.478,109.418,108.438,109.358,10
2018.04.16,00:00,108.158,110.587,108.158,109.938,9
2018.04.17,00:00,108.747,109.047,107.977,108.918,11
2018.04.18,00:00,108.878,109.248,106.457,107.038,12
2018.04.19,00:00,106.678,106.888,105.077,105.588,18
2018.04.20,00:00,105.008,105.458,102.258,102.432,15
2018.04.23,00:00,102.208,102.717,101.827,102.608,13
2018.04.24,00:00,102.598,102.738,100.967,101.477,18
2018.04.25,00:00,101.197,102.308,100.827,101.098,28
2018.04.26,00:00,101.960,103.998,101.147,103.308,42
2018.04.27,00:00,102.167,102.820,101.637,101.818,37
2018.04.30,00:00,101.697,102.358,100.567,100.978,32
2018.05.01,00:00,100.398,100.707,98.557,99.207,42
2018.05.02,00:00,99.138,99.138,97.017,97.228,56
2018.05.03,00:00,97.437,98.038,96.687,97.628,57
2018.05.04,00:00,97.497,99.747,97.478,98.988,50
2018.05.07,00:00,98.937,99.168,98.038,98.217,31
2018.05.08,00:00,97.888,97.888,96.417,96.767,42
2018.05.09,00:00,97.117,97.457,95.928,96.148,45
2018.05.10,00:00,96.248,97.697,96.248,97.258,34
2018.05.11,00:00,97.318,98.208,96.867,97.428,34
2018.05.14,00:00,97.488,97.627,96.707,97.128,29
2018.05.15,00:00,96.588,97.217,96.327,96.778,46
2018.05.16,00:00,96.538,97.468,96.538,97.218,35
2018.05.17,00:00,97.337,97.968,97.227,97.968,39
2018.05.18,00:00,98.028,98.288,97.307,97.498,46
2018.05.21,00:00,98.088,99.927,98.047,99.527,60
2018.05.22,00:00,99.868,100.287,99.407,99.977,59
2018.05.23,00:00,99.888,100.527,99.587,100.458,46
2018.05.24,00:00,100.197,100.488,99.747,100.198,37
2018.05.25,00:00,99.458,101.078,99.458,100.368,45
2018.05.29,00:00,99.988,101.248,99.987,101.248,61
2018.05.30,00:00,101.488,102.197,101.067,101.888,50
2018.05.31,00:00,100.807,100.807,99.637,100.307,57
2018.06.01,00:00,100.337,100.768,99.627,100.228,43
2018.06.04,00:00,100.708,101.047,100.007,100.128,32
2018.06.05,00:00,100.228,100.927,99.867,100.228,48
2018.06.06,00:00,100.167,100.828,99.797,100.828,43
2018.06.07,00:00,100.277,101.478,100.277,101.168,55
2018.06.08,00:00,101.147,102.538,101.147,102.518,55
2018.06.11,00:00,102.587,103.368,102.257,103.258,46
2018.06.12,00:00,103.168,104.488,102.788,104.478,55
2018.06.13,00:00,104.208,105.568,104.137,105.297,63
2018.06.14,00:00,105.238,105.317,104.407,105.148,54
2018.06.15,00:00,105.037,107.708,104.807,107.708,54
2018.06.18,00:00,106.887,106.887,104.807,105.408,65
2018.06.19,00:00,105.007,106.648,105.007,105.968,60
2018.06.20,00:00,105.688,106.078,105.347,105.798,51
2018.06.21,00:00,106.508,107.397,106.287,107.267,66
2018.06.22,00:00,106.678,108.627,106.678,108.428,56
2018.06.25,00:00,107.997,109.507,107.917,109.057,66
2018.06.26,00:00,108.997,109.038,107.457,108.088,49
2018.06.27,00:00,108.288,108.908,107.587,108.398,58
2018.06.28,00:00,108.427,109.147,108.287,108.687,55
2018.06.29,00:00,108.698,109.477,107.767,108.967,47
2018.07.02,00:00,108.287,109.898,108.287,109.628,61
2018.07.03,00:00,108.498,109.548,108.037,108.788,36
2018.07.05,00:00,108.807,109.578,108.247,109.578,52
2018.07.06,00:00,109.438,109.977,108.958,109.548,59
2018.07.09,00:00,109.077,109.077,107.547,107.747,60
2018.07.10,00:00,110.498,112.948,109.657,112.948,88
2018.07.11,00:00,112.737,112.868,112.087,112.528,59
2018.07.12,00:00,112.507,112.638,110.938,111.577,59
2018.07.13,00:00,111.587,112.718,111.587,112.718,46
2018.07.16,00:00,112.487,113.068,111.667,112.998,46
2018.07.17,00:00,113.447,114.978,113.447,114.858,48
2018.07.18,00:00,114.877,114.928,113.878,114.878,25
2018.07.19,00:00,114.688,116.568,114.687,115.768,37
2018.07.20,00:00,115.258,116.717,115.258,116.068,29
2018.07.23,00:00,115.497,115.948,113.558,114.388,27
2018.07.24,00:00,113.498,114.887,113.498,114.788,36
2018.07.25,00:00,114.838,115.618,114.487,115.198,33
2018.07.26,00:00,116.088,116.818,114.877,115.018,33
2018.07.27,00:00,114.737,115.247,114.007,114.278,34
2018.07.30,00:00,113.737,114.528,113.658,114.218,28
2018.07.31,00:00,114.688,115.387,114.027,115.108,23
2018.08.01,00:00,114.137,114.378,113.198,113.658,25
2018.08.02,00:00,113.397,114.898,113.077,114.728,27
2018.08.03,00:00,114.598,116.648,114.347,116.297,24
2018.08.06,00:00,117.237,118.398,116.887,117.368,26
2018.08.07,00:00,116.058,116.058,113.507,114.238,44
2018.08.08,00:00,113.607,114.688,113.457,113.548,49
2018.08.09,00:00,113.588,114.057,113.367,113.817,34
2018.08.10,00:00,113.537,113.868,112.557,112.998,48
2018.08.13,00:00,112.867,113.117,111.987,113.008,46
2018.08.14,00:00,112.237,113.457,112.097,113.128,41
2018.08.15,00:00,112.778,113.697,112.218,113.448,52
2018.08.16,00:00,113.188,114.688,113.188,114.268,43
2018.08.17,00:00,114.138,115.048,114.137,115.018,42
2018.08.20,00:00,114.777,115.718,114.587,114.828,48
2018.08.21,00:00,115.038,115.038,113.627,113.858,45
2018.08.22,00:00,113.637,113.637,111.947,112.228,46
2018.08.23,00:00,111.987,112.107,111.498,111.948,54
2018.08.24,00:00,111.848,112.317,111.787,112.158,42
2018.08.27,00:00,112.207,112.697,111.807,112.418,46
2018.08.28,00:00,112.228,112.267,110.897,111.168,48
2018.08.29,00:00,111.247,112.068,111.197,112.027,45
2018.08.30,00:00,111.858,112.187,111.507,112.028,43
2018.08.31,00:00,111.828,112.537,111.237,112.128,17
2018.09.04,00:00,111.977,111.977,110.427,110.988,30
2018.09.05,00:00,110.687,113.138,110.687,113.138,22
2018.09.06,00:00,112.118,113.508,111.397,113.508,25
2018.09.07,00:00,112.487,113.307,111.487,112.738,23
2018.09.10,00:00,112.908,113.948,112.687,113.608,23
2018.09.11,00:00,112.988,113.708,112.937,113.398,23
2018.09.12,00:00,113.108,114.188,113.047,113.878,29
2018.09.13,00:00,114.508,114.987,113.638,114.987,22
2018.09.14,00:00,114.797,114.797,113.698,114.608,22
2018.09.17,00:00,114.558,115.417,114.137,115.417,19
2018.09.18,00:00,114.932,114.967,113.658,114.048,19
2018.09.19,00:00,113.887,114.207,113.407,113.828,20
2018.09.20,00:00,113.977,115.487,113.977,115.178,16
2018.09.21,00:00,115.008,115.478,114.787,114.938,18
2018.09.24,00:00,114.108,114.627,112.187,112.338,23
2018.09.25,00:00,111.988,112.648,111.738,111.968,54
2018.09.26,00:00,112.168,112.788,111.288,111.487,114
2018.09.27,00:00,111.378,112.358,110.877,111.148,133
2018.09.28,00:00,111.038,111.808,110.887,111.808,145
2018.10.01,00:00,111.488,112.188,110.648,110.888,149
2018.10.02,00:00,109.457,110.017,107.677,108.878,166
2018.10.03,00:00,109.197,109.667,107.158,107.538,133
2018.10.04,00:00,106.597,107.028,105.778,106.618,192
2018.10.05,00:00,106.257,106.738,105.957,106.527,184
2018.10.08,00:00,106.297,108.298,106.297,108.217,175
2018.10.09,00:00,108.488,108.858,107.478,108.118,164
2018.10.10,00:00,107.547,109.237,107.187,107.448,255
2018.10.11,00:00,107.727,108.088,104.877,105.218,313
2018.10.12,00:00,105.262,105.737,104.497,105.468,231
2018.10.15,00:00,105.157,106.568,105.157,105.767,168
2018.10.16,00:00,105.517,107.617,105.517,107.468,163
2018.10.17,00:00,107.252,108.747,107.138,108.347,183
2018.10.18,00:00,108.468,109.288,107.517,107.878,210
2018.10.19,00:00,108.507,110.527,108.498,110.318,209
2018.10.22,00:00,110.018,110.838,109.228,109.538,252
2018.10.23,00:00,108.908,110.488,108.287,110.138,308
2018.10.24,00:00,108.978,114.128,108.978,113.048,366
2018.10.25,00:00,112.038,113.167,111.378,112.897,298
2018.10.26,00:00,111.477,111.858,109.677,110.498,341
2018.10.29,00:00,111.277,113.238,111.037,112.998,309
2018.10.30,00:00,113.248,114.108,112.567,113.828,277
2018.10.31,00:00,113.558,113.558,111.148,112.478,249
2018.11.01,00:00,112.158,113.077,110.957,111.677,266
2018.11.02,00:00,111.497,111.837,109.607,111.148,302
2018.11.05,00:00,111.167,114.378,111.167,114.378,220
2018.11.06,00:00,113.467,115.288,113.467,115.288,192
2018.11.07,00:00,115.428,115.747,114.398,115.667,197
2018.11.08,00:00,114.337,116.287,114.337,116.058,172
2018.11.09,00:00,116.087,117.608,115.987,117.598,228
2018.11.12,00:00,116.987,118.227,116.697,116.997,237
2018.11.13,00:00,117.117,117.427,116.187,117.137,252
2018.11.14,00:00,117.307,117.407,116.228,116.678,258
2018.11.15,00:00,116.208,116.907,115.577,116.788,263
2018.11.16,00:00,116.398,118.417,116.398,118.367,220
2018.11.19,00:00,117.788,119.487,117.788,119.028,237
2018.11.20,00:00,119.868,120.147,115.748,116.068,241
2018.11.21,00:00,115.198,116.628,114.897,115.388,34
2018.11.23,00:00,114.988,116.517,114.987,115.398,14
2018.11.26,00:00,115.398,116.407,114.967,115.828,30
2018.11.27,00:00,115.307,116.468,114.867,116.418,26
2018.11.28,00:00,115.958,118.498,115.548,118.488,69
2018.11.29,00:00,117.697,118.787,117.387,118.268,145
2018.11.30,00:00,118.067,121.888,118.067,121.888,147
2018.12.03,00:00,120.487,120.487,117.477,118.977,208
2018.12.04,00:00,119.437,120.568,117.488,117.757,251
2018.12.06,00:00,116.238,116.787,114.077,116.787,258
2018.12.07,00:00,116.337,116.888,115.347,115.987,226
2018.12.10,00:00,115.988,116.537,114.397,116.358,213
2018.12.11,00:00,116.888,118.117,116.567,117.287,223
2018.12.12,00:00,118.288,118.288,116.377,117.068,200
2018.12.13,00:00,117.097,118.817,117.087,118.458,233
2018.12.14,00:00,117.278,117.278,113.647,114.068,225
2018.12.17,00:00,113.447,114.968,112.178,113.087,232
2018.12.18,00:00,112.988,113.287,110.698,111.927,233
2018.12.19,00:00,112.038,112.798,109.608,110.228,405
2018.12.20,00:00,109.358,111.798,109.168,110.227,370
2018.12.21,00:00,110.468,114.097,109.128,109.678,361
2018.12.24,00:00,110.077,110.817,105.937,105.987,189
2018.12.26,00:00,105.987,108.318,104.997,108.318,294
2018.12.27,00:00,107.587,109.418,105.997,109.418,385
2018.12.28,00:00,110.047,111.028,109.167,110.427,406
2018.12.31,00:00,110.568,110.748,109.287,110.427,322
2019.01.02,00:00,108.978,109.738,108.197,109.317,343
2019.01.03,00:00,108.108,110.027,108.037,108.457,380
2019.01.04,00:00,109.538,110.568,108.217,110.568,383
2019.01.07,00:00,109.497,110.348,108.607,109.578,272
2019.01.08,00:00,109.248,110.698,109.247,110.568,284
2019.01.09,00:00,109.617,109.777,107.467,107.648,331
2019.01.10,00:00,107.387,108.258,107.268,108.128,135
2019.01.11,00:00,107.287,108.288,107.287,108.228,70
2019.01.14,00:00,107.628,107.868,106.937,107.428,83
2019.01.15,00:00,107.028,109.027,106.717,108.978,87
2019.01.16,00:00,108.767,108.978,107.687,108.428,84
2019.01.17,00:00,107.947,109.398,107.947,109.207,100
2019.01.18,00:00,109.805,110.258,109.157,110.088,91
2019.01.22,00:00,109.867,110.208,108.757,110.008,99
2019.01.23,00:00,109.648,110.758,109.487,110.758,105
2019.01.24,00:00,110.237,110.237,108.397,109.537,112
2019.01.25,00:00,109.883,110.508,109.017,109.372,156
2019.01.28,00:00,109.357,109.508,107.987,108.808,113
2019.01.29,00:00,108.598,109.567,108.497,109.048,102
2019.01.30,00:00,108.937,111.188,108.637,110.878,111
2019.01.31,00:00,110.487,112.878,110.167,112.878,113
2019.02.01,00:00,112.757,113.227,111.437,112.210,120
2019.02.04,00:00,112.178,113.348,111.837,113.088,79
2019.02.05,00:00,113.037,113.508,112.467,112.918,83
2019.02.06,00:00,112.477,113.228,112.277,113.078,84
2019.02.07,00:00,112.808,113.127,112.148,113.080,118
2019.02.08,00:00,112.748,113.008,111.911,113.008,99
2019.02.11,00:00,113.098,113.540,112.627,113.068,101
2019.02.12,00:00,113.208,114.478,112.197,113.790,110
2019.02.13,00:00,113.988,114.658,113.617,114.138,90
2019.02.14,00:00,112.967,112.967,111.867,112.620,143
2019.02.15,00:00,115.837,116.258,114.087,115.951,124
2019.02.19,00:00,116.787,116.787,115.098,115.928,128
2019.02.20,00:00,115.737,116.597,115.387,115.828,125
2019.02.21,00:00,115.487,116.859,115.467,116.108,134
2019.02.22,00:00,116.088,116.748,115.567,116.748,109
2019.02.25,00:00,117.157,117.157,115.687,116.128,69
2019.02.26,00:00,116.358,116.358,115.418,116.078,77
2019.02.27,00:00,115.508,115.637,114.397,115.378,87
2019.02.28,00:00,114.737,116.198,114.177,115.748,95
2019.03.01,00:00,115.698,116.318,115.217,116.217,86
2019.03.04,00:00,116.632,116.747,115.487,116.218,113
2019.03.05,00:00,115.737,116.758,115.647,116.168,86
2019.03.06,00:00,115.767,116.768,115.657,116.768,104
2019.03.07,00:00,115.957,117.247,115.687,116.127,104
2019.03.08,00:00,115.647,116.048,114.247,115.268,118
2019.03.11,00:00,115.208,116.688,115.208,116.642,44
2019.03.12,00:00,116.697,117.117,115.987,116.597,92
2019.03.13,00:00,116.388,117.528,116.388,116.650,96
2019.03.14,00:00,116.788,116.908,115.457,115.558,98
2019.03.15,00:00,115.738,116.458,115.357,115.738,105
2019.03.18,00:00,116.147,117.347,116.037,117.257,99
2019.03.19,00:00,117.347,118.707,117.227,118.100,109
2019.03.20,00:00,118.077,119.430,117.327,118.438,121
2019.03.21,00:00,117.987,119.628,117.987,119.438,110
2019.03.22,00:00,119.447,121.230,119.428,120.732,155
2019.03.25,00:00,120.218,121.268,120.058,120.928,125
2019.03.26,00:00,121.367,122.130,121.247,122.028,118
2019.03.27,00:00,122.278,123.107,121.167,121.898,135
2019.03.28,00:00,121.807,122.387,121.567,121.918,102
2019.03.29,00:00,122.238,122.677,121.237,122.677,102
2019.04.01,00:00,122.507,122.808,121.568,121.988,73
2019.04.02,00:00,121.887,122.127,121.547,121.688,68
2019.04.03,00:00,121.548,122.188,120.697,121.578,64
2019.04.04,00:00,121.367,122.078,121.147,121.488,58
2019.04.05,00:00,120.548,121.647,120.548,121.647,62
2019.04.08,00:00,121.657,122.018,121.157,122.018,59
2019.04.09,00:00,121.538,122.168,120.847,122.168,65
2019.04.10,00:00,121.338,122.598,121.338,122.038,60
2019.04.11,00:00,122.368,122.657,121.157,121.698,66
2019.04.12,00:00,121.187,122.228,121.137,122.228,71
2019.04.15,00:00,122.228,123.978,122.228,123.648,56
2019.04.16,00:00,123.438,123.658,121.877,122.378,64
2019.04.17,00:00,124.778,127.077,123.827,127.077,68
2019.04.18,00:00,127.587,128.187,126.688,127.158,67
2019.04.22,00:00,126.707,127.218,125.858,126.418,50
2019.04.23,00:00,126.658,127.498,126.097,127.087,66
2019.04.24,00:00,126.988,127.917,126.657,126.988,59
2019.04.25,00:00,125.508,126.328,125.168,126.268,62
2019.04.26,00:00,126.427,127.208,126.097,126.408,46
2019.04.29,00:00,126.018,126.938,125.987,126.738,38
2019.04.30,00:00,126.678,128.328,126.297,128.158,46
2019.05.01,00:00,127.118,127.947,127.007,127.298,54
2019.05.02,00:00,126.418,127.398,126.147,126.828,68
2019.05.03,00:00,127.087,128.128,126.868,127.718,49
2019.05.06,00:00,127.157,127.468,126.738,127.291,59
2019.05.07,00:00,126.087,126.802,125.167,125.968,105
2019.05.08,00:00,125.788,126.698,124.938,126.148,60
2019.05.09,00:00,125.738,126.478,124.837,126.098,89
2019.05.10,00:00,126.087,128.148,125.597,128.028,93
2019.05.13,00:00,126.997,127.597,126.618,127.288,92
2019.05.14,00:00,127.092,128.488,125.998,127.488,67
2019.05.15,00:00,126.878,129.828,126.878,129.328,59
2019.05.16,00:00,129.338,130.708,128.697,130.328,56
2019.05.17,00:00,129.907,130.818,129.617,130.548,76
2019.05.20,00:00,129.498,130.368,129.498,130.028,68
2019.05.21,00:00,129.788,130.087,128.837,129.048,51
2019.05.22,00:00,129.037,130.618,128.908,130.118,48
2019.05.23,00:00,129.488,130.867,129.488,129.988,71
2019.05.24,00:00,130.350,130.350,128.937,129.467,48
2019.05.28,00:00,129.368,129.828,127.337,127.818,65
2019.05.29,00:00,127.298,128.268,126.807,128.248,88
2019.05.30,00:00,128.178,128.798,127.747,128.608,65
2019.05.31,00:00,128.032,128.298,126.947,128.118,60
2019.06.03,00:00,128.128,129.108,127.837,129.077,87
2019.06.04,00:00,128.998,129.738,128.007,129.138,63
2019.06.05,00:00,129.167,131.558,128.867,131.378,66
2019.06.06,00:00,131.042,132.248,130.007,132.038,54
2019.06.07,00:00,132.817,134.668,132.547,133.538,58
2019.06.10,00:00,133.048,133.648,132.237,133.648,49
2019.06.11,00:00,133.687,134.148,132.667,133.208,58
2019.06.12,00:00,133.108,134.378,132.647,133.128,50
2019.06.13,00:00,132.358,133.648,131.827,132.988,47
2019.06.14,00:00,133.048,133.478,132.528,132.728,57
2019.06.17,00:00,132.698,132.927,131.867,132.498,41
2019.06.18,00:00,132.948,133.708,131.847,132.097,64
2019.06.19,00:00,132.047,133.248,131.287,132.887,61
2019.06.20,00:00,133.857,134.427,133.247,134.298,72
2019.06.21,00:00,133.058,134.448,133.057,134.017,68
2019.06.24,00:00,134.747,134.837,133.918,134.168,71
2019.06.25,00:00,133.998,134.328,133.528,133.908,72
2019.06.26,00:00,132.987,133.728,132.288,132.368,77
2019.06.27,00:00,131.258,132.298,131.258,131.878,64
2019.06.28,00:00,132.277,132.277,130.738,131.088,62
2019.07.01,00:00,131.818,132.267,131.048,131.848,68
2019.07.02,00:00,132.058,132.588,131.328,132.418,55
2019.07.03,00:00,131.588,134.017,131.588,133.728,36
2019.07.05,00:00,132.908,133.158,131.548,133.018,51
2019.07.08,00:00,132.987,133.358,132.018,132.628,53
2019.07.09,00:00,132.928,133.218,130.697,131.817,63
2019.07.10,00:00,132.243,134.388,131.857,134.388,65
2019.07.11,00:00,133.488,134.708,133.318,134.338,51
2019.07.12,00:00,134.037,134.378,132.617,133.338,49
2019.07.15,00:00,133.388,134.138,132.538,134.138,45
2019.07.16,00:00,134.058,135.037,133.017,133.808,63
2019.07.17,00:00,133.128,134.128,132.527,132.808,47
2019.07.18,00:00,131.988,133.158,131.498,132.858,54
2019.07.19,00:00,132.588,133.088,129.997,130.138,55
2019.07.22,00:00,130.288,130.628,129.607,130.268,42
2019.07.23,00:00,130.487,131.677,130.297,130.728,58
2019.07.24,00:00,130.488,130.728,128.607,129.208,58
2019.07.25,00:00,128.038,129.437,128.038,128.988,61
2019.07.26,00:00,128.768,131.308,128.768,131.258,71
2019.07.29,00:00,131.618,132.048,130.887,131.550,63
2019.07.30,00:00,131.347,132.018,130.217,130.477,76
2019.07.31,00:00,130.097,130.328,126.228,128.008,73
2019.08.01,00:00,127.787,129.367,126.858,127.208,103
2019.08.02,00:00,126.977,128.557,126.728,127.928,102
2019.08.05,00:00,128.328,128.918,123.818,124.658,112
2019.08.06,00:00,124.818,126.952,124.287,126.548,109
2019.08.07,00:00,126.238,128.268,124.588,127.928,115
2019.08.08,00:00,127.768,129.698,127.028,129.467,78
2019.08.09,00:00,129.321,129.688,127.297,128.620,93
2019.08.12,00:00,128.086,129.078,127.827,128.417,72
2019.08.13,00:00,127.508,130.329,127.507,129.930,96
2019.08.14,00:00,129.088,130.441,128.787,129.308,127
2019.08.15,00:00,129.638,131.153,129.338,130.828,119
2019.08.16,00:00,131.027,132.227,129.987,131.928,60
2019.08.19,00:00,132.058,132.817,131.908,132.658,63
2019.08.20,00:00,131.518,132.958,131.517,132.128,78
2019.08.21,00:00,132.898,133.508,131.597,132.338,4
2019.08.22,00:00,131.738,132.898,131.298,132.748,5
2019.08.23,00:00,131.318,133.288,129.538,130.458,57
2019.08.26,00:00,130.788,133.728,130.558,133.728,6
2019.08.27,00:00,133.587,135.248,133.587,135.018,7
2019.08.28,00:00,134.388,135.308,134.267,135.208,6
2019.08.29,00:00,135.678,136.389,134.517,136.098,140
2019.08.30,00:00,135.897,137.007,135.737,136.878,87
2019.09.03,00:00,136.217,137.617,135.817,137.548,14
2019.09.04,00:00,137.807,139.158,137.017,139.158,12
2019.09.05,00:00,137.908,138.518,135.518,135.968,14
2019.09.06,00:00,136.877,137.378,135.537,137.378,14
2019.09.09,00:00,136.128,136.487,135.398,136.378,16
2019.09.10,00:00,135.468,136.337,134.257,135.848,16
2019.09.11,00:00,135.068,136.348,134.658,136.348,16
2019.09.12,00:00,136.658,138.087,136.327,137.407,17
2019.09.13,00:00,135.607,136.868,135.587,136.478,15
2019.09.16,00:00,134.998,136.288,134.367,134.968,12
2019.09.17,00:00,134.048,136.288,133.377,135.718,13
2019.09.18,00:00,135.648,135.778,134.068,135.538,16
2019.09.19,00:00,134.288,135.808,133.908,135.618,11
2019.09.20,00:00,134.998,135.678,134.247,134.887,15
2019.09.23,00:00,133.898,135.708,133.897,135.508,14
2019.09.24,00:00,134.827,136.398,134.548,135.418,22
2019.09.25,00:00,135.088,135.588,134.378,135.197,16
2019.09.26,00:00,134.808,136.277,134.598,135.737,17
2019.09.27,00:00,135.498,136.078,134.648,135.588,17
2019.09.30,00:00,135.298,137.688,135.297,137.207,13
2019.10.01,00:00,135.828,137.738,135.827,137.468,18
2019.10.02,00:00,135.628,137.337,133.467,134.177,21
2019.10.03,00:00,138.130,139.688,136.457,138.218,22
2019.10.04,00:00,137.468,140.398,136.638,140.258,16
2019.10.07,00:00,138.277,139.578,137.948,138.467,16
2019.10.08,00:00,136.098,138.407,136.098,137.388,20
2019.10.09,00:00,136.668,138.118,136.668,137.888,14
2019.10.10,00:00,135.387,138.197,135.387,137.878,16
2019.10.11,00:00,136.947,138.618,136.658,137.698,17
2019.10.14,00:00,137.798,138.268,136.437,137.497,11
2019.10.15,00:00,137.428,137.787,136.127,136.368,14
2019.10.16,00:00,136.158,136.428,135.098,136.418,12
2019.10.17,00:00,137.047,137.597,136.468,136.967,25
2019.10.18,00:00,136.902,137.217,136.237,136.338,13
2019.10.21,00:00,136.158,136.708,135.647,136.157,10
2019.10.22,00:00,135.458,137.297,135.458,136.748,15
2019.10.23,00:00,134.830,137.468,134.830,137.468,11
2019.10.24,00:00,137.148,138.038,136.117,137.958,7
2019.10.25,00:00,137.117,137.598,136.218,136.688,10
2019.10.28,00:00,136.528,137.457,136.118,136.668,12
2019.10.29,00:00,136.468,137.088,135.908,136.138,11
2019.10.30,00:00,135.407,137.258,135.328,136.928,13
2019.10.31,00:00,136.438,137.498,136.067,137.218,13
2019.11.01,00:00,136.428,138.147,136.427,136.888,13
2019.11.04,00:00,136.007,136.998,134.737,135.128,11
2019.11.05,00:00,134.888,134.888,132.568,134.078,13
2019.11.06,00:00,133.998,134.758,133.527,134.418,12
2019.11.07,00:00,132.748,134.378,132.748,133.308,12
2019.11.08,00:00,133.147,134.068,132.557,133.088,10
2019.11.11,00:00,131.908,132.947,131.907,132.398,9
2019.11.12,00:00,132.498,132.527,131.587,132.017,16
2019.11.13,00:00,131.608,133.528,131.608,133.308,20
2019.11.14,00:00,133.328,133.848,132.708,133.328,19
2019.11.15,00:00,133.598,133.847,132.708,133.847,16
2019.11.18,00:00,132.007,135.628,132.007,134.058,11
2019.11.19,00:00,133.698,135.038,133.697,134.608,10
2019.11.20,00:00,134.378,135.138,133.348,133.728,19
2019.11.21,00:00,133.358,134.068,133.057,133.988,16
2019.11.22,00:00,133.917,134.237,133.007,134.078,13
2019.11.25,00:00,134.498,134.748,133.187,133.827,19
2019.11.26,00:00,132.768,135.838,132.768,135.758,20
2019.11.27,00:00,135.697,136.497,135.307,135.898,18
2019.11.29,00:00,134.998,136.308,134.998,134.998,11
2019.12.02,00:00,135.438,135.978,133.597,135.898,30
2019.12.03,00:00,135.918,136.228,134.277,135.448,24
2019.12.04,00:00,134.828,137.297,134.537,137.268,23
2019.12.05,00:00,136.068,136.468,135.257,136.347,17
2019.12.06,00:00,136.598,137.668,136.257,137.518,20
2019.12.09,00:00,136.948,138.008,136.948,137.238,23
2019.12.10,00:00,136.708,137.208,136.148,136.248,24
2019.12.11,00:00,136.578,137.498,136.388,137.188,25
2019.12.12,00:00,136.797,137.728,136.707,137.228,31
2019.12.13,00:00,136.758,138.218,136.157,138.078,30
2019.12.16,00:00,137.047,137.368,136.128,137.118,13
2019.12.17,00:00,136.597,137.387,135.647,136.208,16
2019.12.18,00:00,136.798,137.188,135.607,135.978,13
2019.12.19,00:00,135.967,136.648,135.918,136.468,11
2019.12.20,00:00,136.998,138.078,134.698,137.968,15
2019.12.23,00:00,137.718,138.087,136.837,137.018,12
2019.12.24,00:00,137.038,137.158,136.257,136.828,3
2019.12.26,00:00,136.618,137.298,136.068,136.648,9
2019.12.27,00:00,136.058,137.548,136.058,137.548,9
2019.12.30,00:00,136.708,137.788,136.458,136.877,11
2019.12.31,00:00,136.627,137.117,136.027,136.738,17
2020.01.02,00:00,136.708,137.078,135.107,135.818,14
2020.01.03,00:00,135.268,136.677,135.097,135.748,14
2020.01.06,00:00,135.168,136.297,135.167,136.168,14
2020.01.07,00:00,135.668,135.748,133.928,134.038,16
2020.01.08,00:00,134.208,135.337,134.018,134.718,14
2020.01.09,00:00,134.977,135.317,134.518,134.798,13
2020.01.10,00:00,133.798,135.308,133.798,134.558,15
2020.01.13,00:00,133.498,136.578,133.498,136.578,13
2020.01.14,00:00,135.428,136.918,135.427,136.918,17
2020.01.15,00:00,136.918,139.228,136.398,139.228,19
2020.01.16,00:00,138.198,140.047,138.198,139.608,17
2020.01.17,00:00,139.848,141.298,139.848,141.238,18
2020.01.21,00:00,140.598,142.107,140.318,141.848,24
2020.01.22,00:00,141.148,143.528,141.148,143.438,20
2020.01.23,00:00,142.918,143.798,142.357,143.698,18
2020.01.24,00:00,142.148,144.057,142.148,142.918,24
2020.01.27,00:00,141.688,143.317,139.962,142.257,21
2020.01.28,00:00,141.528,142.818,141.527,142.478,18
2020.01.29,00:00,141.848,142.408,141.157,141.748,18
2020.01.30,00:00,141.498,143.938,141.288,143.938,26
2020.01.31,00:00,142.947,144.508,141.538,142.198,30
2020.02.03,00:00,142.588,142.888,141.827,142.588,23
2020.02.04,00:00,143.128,143.978,142.068,143.238,17
2020.02.05,00:00,143.698,144.467,143.098,144.358,18
2020.02.06,00:00,144.297,145.218,144.047,144.458,16
2020.02.07,00:00,142.998,145.668,142.998,145.478,17
2020.02.10,00:00,145.818,146.377,145.117,145.628,15
2020.02.11,00:00,144.248,146.337,144.248,146.118,18
2020.02.12,00:00,146.077,146.387,144.797,146.088,18
2020.02.13,00:00,145.308,147.048,143.438,146.448,13
2020.02.14,00:00,144.788,147.018,144.788,147.018,13
2020.02.18,00:00,146.987,147.038,145.348,145.597,17
2020.02.19,00:00,145.607,146.448,145.408,145.558,14
2020.02.20,00:00,145.298,145.448,143.758,145.448,20
2020.02.21,00:00,143.977,145.908,143.977,145.908,16
2020.02.24,00:00,145.058,146.858,142.548,142.808,26
2020.02.25,00:00,142.548,144.327,140.547,141.328,96
2020.02.26,00:00,141.528,143.708,141.017,142.117,88
2020.02.27,00:00,140.477,143.088,136.308,136.747,123
2020.02.28,00:00,132.707,133.297,128.337,132.478,129
2020.03.02,00:00,131.928,137.638,131.518,137.548,54
2020.03.03,00:00,137.087,139.398,134.668,135.718,57
2020.03.04,00:00,136.028,142.668,135.997,142.668,40
2020.03.05,00:00,137.288,139.647,136.617,138.618,42
2020.03.06,00:00,131.368,137.777,129.997,137.618,67
2020.03.09,00:00,130.298,133.278,128.118,130.518,59
2020.03.10,00:00,131.997,134.418,126.808,134.228,61
2020.03.11,00:00,130.598,132.477,127.567,130.378,81
2020.03.12,00:00,121.828,124.938,113.437,115.697,74
2020.03.13,00:00,119.668,127.438,114.997,127.438,78
2020.03.16,00:00,114.668,123.598,111.068,113.488,55
2020.03.17,00:00,116.978,127.678,116.238,127.678,71
2020.03.18,00:00,120.088,127.658,113.687,127.658,44
2020.03.19,00:00,120.397,121.768,116.058,117.360,36
2020.03.20,00:00,117.678,117.678,100.678,104.158,35
2020.03.23,00:00,104.998,112.408,102.697,105.548,61
2020.03.24,00:00,110.147,114.268,108.228,114.007,56
2020.03.25,00:00,111.978,116.207,111.027,112.198,53
2020.03.26,00:00,112.708,121.278,112.187,120.998,50
2020.03.27,00:00,117.997,124.288,117.957,120.388,50
2020.03.30,00:00,121.458,125.638,121.458,125.508,45
2020.03.31,00:00,122.998,125.668,119.207,120.048,59
2020.04.01,00:00,115.998,122.198,114.908,118.298,40
2020.04.02,00:00,116.478,124.858,114.948,124.368,36
2020.04.03,00:00,123.018,125.168,121.537,124.748,36
2020.04.06,00:00,128.488,132.058,125.057,131.667,38
2020.04.07,00:00,132.007,134.938,129.907,130.637,45
2020.04.08,00:00,129.218,133.158,128.958,132.738,45
2020.04.09,00:00,131.487,135.047,130.978,133.578,59
2020.04.13,00:00,131.528,133.037,129.317,130.958,41
2020.04.14,00:00,132.518,138.618,131.397,138.618,38
2020.04.15,00:00,135.568,137.418,133.667,135.098,43
2020.04.16,00:00,135.048,136.087,133.748,135.878,42
2020.04.17,00:00,137.508,137.848,134.817,137.528,35
2020.04.20,00:00,136.548,137.308,134.498,134.808,33
2020.04.21,00:00,132.058,132.798,130.498,131.388,40
2020.04.22,00:00,130.998,133.277,130.997,132.668,30
2020.04.23,00:00,132.338,134.118,129.997,130.287,37
2020.04.24,00:00,130.448,134.738,129.997,134.287,34
2020.04.27,00:00,134.397,135.118,133.887,134.768,24
2020.04.28,00:00,136.588,136.888,134.627,136.288,28
2020.04.29,00:00,136.427,136.427,132.887,133.388,37
2020.04.30,00:00,132.257,133.097,130.257,132.538,46
2020.05.01,00:00,131.047,132.137,129.507,130.348,42
2020.05.04,00:00,128.377,131.318,128.377,131.238,39
2020.05.05,00:00,130.418,133.308,130.347,131.788,33
2020.05.06,00:00,131.568,132.058,130.638,130.928,40
2020.05.07,00:00,131.027,131.597,130.107,131.557,38
2020.05.08,00:00,133.027,135.078,132.437,134.298,28
2020.05.11,00:00,133.388,136.128,133.067,134.498,34
2020.05.12,00:00,134.128,136.298,132.857,133.367,39
2020.05.13,00:00,133.007,134.277,131.427,133.178,55
2020.05.14,00:00,131.998,133.528,130.127,133.108,56
2020.05.15,00:00,132.328,137.507,132.328,136.028,74
2020.05.18,00:00,136.578,137.608,135.027,135.528,33
2020.05.19,00:00,134.367,134.367,131.368,131.978,65
2020.05.20,00:00,132.148,132.148,130.297,131.347,40
2020.05.21,00:00,130.558,131.378,129.577,130.308,60
2020.05.22,00:00,129.497,130.597,129.147,130.548,25
2020.05.26,00:00,131.317,131.638,129.487,129.768,54
2020.05.27,00:00,128.748,130.778,128.527,130.778,36
2020.05.28,00:00,130.828,132.698,130.067,132.458,71
2020.05.29,00:00,131.998,132.048,130.297,132.048,44
2020.06.01,00:00,131.037,133.908,131.037,133.057,24
2020.06.02,00:00,132.508,133.628,131.107,132.678,55
2020.06.03,00:00,132.348,134.267,132.348,132.848,26
2020.06.04,00:00,131.118,133.388,130.117,130.648,69
2020.06.05,00:00,130.838,133.418,130.757,132.608,71
2020.06.08,00:00,131.367,132.417,131.197,132.198,59
2020.06.09,00:00,131.068,133.118,131.028,133.118,55
2020.06.10,00:00,131.998,135.068,131.997,134.368,75
2020.06.11,00:00,133.838,134.597,127.498,127.958,129
2020.06.12,00:00,128.948,129.868,127.357,129.298,143
2020.06.15,00:00,127.997,130.917,126.517,130.518,51
2020.06.16,00:00,132.098,132.787,130.077,131.638,101
2020.06.17,00:00,131.667,133.008,131.257,131.918,34
2020.06.18,00:00,131.447,133.098,130.567,132.827,76
2020.06.19,00:00,133.948,134.778,131.177,131.558,35
2020.06.22,00:00,130.178,131.697,129.917,131.078,67
2020.06.23,00:00,131.137,132.638,130.947,131.408,23
2020.06.24,00:00,130.497,130.927,128.508,129.648,116
2020.06.25,00:00,129.137,131.598,128.007,131.548,34
2020.06.26,00:00,130.488,132.188,128.047,129.038,103
2020.06.29,00:00,129.508,131.358,128.997,131.118,24
2020.06.30,00:00,131.007,132.708,130.678,132.558,24
2020.07.01,00:00,130.998,133.477,130.997,132.428,77
2020.07.02,00:00,132.978,134.028,132.497,132.938,24
2020.07.06,00:00,132.347,133.877,131.998,133.458,21
2020.07.07,00:00,132.387,134.607,132.037,133.548,65
2020.07.08,00:00,133.007,134.658,133.007,134.198,35
2020.07.09,00:00,132.828,133.868,131.667,132.788,35
2020.07.10,00:00,132.098,134.608,131.237,134.488,31
2020.07.13,00:00,136.118,137.998,134.457,134.998,33
2020.07.14,00:00,134.368,136.858,134.128,135.658,37
2020.07.15,00:00,135.098,136.068,133.108,133.768,27
2020.07.16,00:00,132.998,134.327,132.997,133.868,27
2020.07.17,00:00,134.327,134.998,133.378,134.698,18
2020.07.20,00:00,134.098,134.358,132.167,133.288,19
2020.07.21,00:00,133.778,136.318,133.497,134.438,32
2020.07.22,00:00,134.457,136.048,133.608,136.027,21
2020.07.23,00:00,136.148,137.237,135.137,137.237,31
2020.07.24,00:00,136.718,138.547,135.337,136.088,28
2020.07.27,00:00,134.998,137.728,133.997,137.728,16
2020.07.28,00:00,137.107,138.518,137.087,137.508,18
2020.07.29,00:00,137.378,138.928,136.667,137.978,19
2020.07.30,00:00,135.498,138.158,135.498,137.648,23
2020.07.31,00:00,136.238,137.668,134.997,137.668,31
2020.08.03,00:00,136.068,137.298,135.997,136.758,25
2020.08.04,00:00,136.518,137.538,135.958,137.408,19
2020.08.05,00:00,136.998,137.947,135.747,136.295,15
2020.08.06,00:00,134.997,136.207,134.997,135.887,17
2020.08.07,00:00,135.198,136.728,135.197,136.728,22
2020.08.10,00:00,134.998,136.757,134.998,136.138,30
2020.08.11,00:00,135.597,137.248,134.547,135.168,29
2020.08.12,00:00,135.057,138.658,134.998,137.808,21
2020.08.13,00:00,137.008,138.588,137.008,138.098,27
2020.08.14,00:00,136.498,138.128,136.498,137.488,26
2020.08.17,00:00,137.197,138.808,137.037,137.968,12
2020.08.18,00:00,137.918,138.428,137.027,138.188,20
2020.08.19,00:00,138.108,138.728,135.997,136.528,17
2020.08.20,00:00,135.628,137.108,135.498,136.758,17
2020.08.21,00:00,136.138,136.628,135.227,136.538,91
2020.08.24,00:00,136.498,137.618,136.067,137.618,155
2020.08.25,00:00,136.938,137.888,136.607,137.348,106
2020.08.26,00:00,136.098,138.608,136.098,138.548,161
2020.08.27,00:00,138.648,139.838,137.887,138.458,192
2020.08.28,00:00,137.988,139.938,137.217,139.938,159
2020.08.31,00:00,139.268,140.917,139.187,140.368,94
2020.09.01,00:00,139.968,139.968,138.497,139.258,144
2020.09.02,00:00,139.518,143.797,138.737,143.388,166
2020.09.03,00:00,142.397,143.817,137.997,139.547,256
2020.09.04,00:00,139.378,140.138,136.887,139.008,292
2020.09.08,00:00,137.638,138.187,134.377,135.607,253
2020.09.09,00:00,135.097,138.388,134.907,137.118,169
2020.09.10,00:00,135.998,137.508,133.987,134.878,243
2020.09.11,00:00,135.008,136.327,134.157,135.938,237
2020.09.14,00:00,136.127,137.437,135.707,136.757,146
2020.09.15,00:00,136.307,137.118,135.357,135.718,167
2020.09.16,00:00,135.747,136.528,134.757,135.038,201
2020.09.17,00:00,133.097,134.437,131.657,133.218,260
2020.09.18,00:00,133.107,134.707,129.997,131.598,228
2020.09.21,00:00,130.057,131.288,129.307,131.288,255
2020.09.22,00:00,130.467,132.857,129.997,132.197,219
2020.09.23,00:00,132.298,132.667,129.817,130.998,218
2020.09.24,00:00,130.628,132.267,129.838,131.568,277
2020.09.25,00:00,130.898,133.787,130.497,133.668,247
2020.09.28,00:00,136.037,138.538,134.877,138.037,190
2020.09.29,00:00,138.497,139.447,137.097,137.238,256
2020.09.30,00:00,137.957,139.107,136.777,138.908,197
2020.10.01,00:00,138.997,140.838,137.218,140.838,185
2020.10.02,00:00,139.247,139.758,136.177,138.177,180
2020.10.05,00:00,138.025,138.038,136.967,137.928,103
2020.10.06,00:00,137.098,138.658,135.087,135.938,159
2020.10.07,00:00,135.748,137.467,135.497,137.228,102
2020.10.08,00:00,137.008,138.028,136.257,137.888,111
2020.10.09,00:00,137.997,139.197,137.857,138.527,129
2020.10.12,00:00,138.997,143.337,138.948,142.168,164
2020.10.13,00:00,141.867,143.928,141.867,143.717,158
2020.10.14,00:00,142.148,144.078,141.578,142.547,310
2020.10.15,00:00,141.157,141.838,140.597,141.518,240
2020.10.16,00:00,141.297,142.738,141.067,141.738,254
2020.10.19,00:00,141.228,142.397,139.207,139.868,233
2020.10.20,00:00,140.018,141.108,139.327,139.878,207
2020.10.21,00:00,139.007,140.418,139.007,139.727,174
2020.10.22,00:00,139.187,139.998,138.997,139.598,218
2020.10.23,00:00,138.498,140.437,138.497,139.497,187
2020.10.26,00:00,138.307,138.898,136.367,138.098,239
2020.10.27,00:00,138.267,139.758,138.267,139.178,205
2020.10.28,00:00,135.997,137.488,133.877,134.358,292
2020.10.29,00:00,133.568,135.568,132.208,134.298,310
2020.10.30,00:00,132.887,133.707,131.677,133.467,327
2020.11.02,00:00,135.157,135.968,133.737,135.168,271
2020.11.03,00:00,136.228,138.587,135.997,137.138,254
2020.11.04,00:00,138.997,141.427,137.558,137.898,330
2020.11.05,00:00,139.358,140.167,137.427,138.168,304
2020.11.06,00:00,138.208,139.668,137.207,138.397,213
2020.11.09,00:00,141.527,143.447,138.117,138.468,298
2020.11.10,00:00,136.408,142.377,136.347,141.787,290
2020.11.11,00:00,142.008,144.227,141.547,143.988,207
2020.11.12,00:00,143.078,144.678,142.728,143.887,252
2020.11.13,00:00,143.608,144.837,143.028,144.798,243
2020.11.16,00:00,144.098,146.067,144.098,145.698,245
2020.11.17,00:00,144.357,146.048,144.047,145.228,206
2020.11.18,00:00,144.298,146.528,143.267,143.598,194
2020.11.19,00:00,142.407,143.657,142.297,143.417,236
2020.11.20,00:00,143.497,144.578,142.947,143.488,198
2020.11.23,00:00,142.947,143.618,141.808,143.108,114
2020.11.24,00:00,142.948,144.168,142.577,144.008,115
2020.11.25,00:00,143.998,144.788,143.658,144.207,105
2020.11.27,00:00,144.608,145.128,144.157,144.548,55
2020.11.30,00:00,144.008,144.568,142.867,144.238,150
2020.12.01,00:00,144.707,146.597,144.487,146.098,154
2020.12.02,00:00,145.577,146.797,143.858,144.588,144
2020.12.03,00:00,142.987,144.907,142.987,144.388,130
2020.12.04,00:00,143.768,145.938,143.267,145.938,124
2020.12.07,00:00,144.857,146.497,144.578,145.408,116
2020.12.08,00:00,144.508,146.048,144.237,145.638,114
2020.12.09,00:00,145.497,146.037,144.187,145.997,151
2020.12.10,00:00,145.497,146.058,144.387,144.848,155
2020.12.11,00:00,142.997,145.047,142.997,144.988,166
2020.12.14,00:00,144.818,146.457,144.037,144.428,153
2020.12.15,00:00,144.328,145.138,143.598,144.708,159
2020.12.16,00:00,144.018,145.388,143.877,144.968,126
2020.12.17,00:00,144.958,146.177,144.957,145.738,116
2020.12.18,00:00,145.498,146.947,145.128,146.938,124
2020.12.21,00:00,144.758,145.637,143.417,145.478,165
2020.12.22,00:00,144.277,144.957,143.457,144.017,212
2020.12.23,00:00,144.258,145.478,143.987,144.708,152
2020.12.24,00:00,144.608,145.068,144.107,145.018,52
2020.12.28,00:00,145.018,147.558,145.018,146.958,115
2020.12.29,00:00,146.917,148.678,146.797,147.458,192
2020.12.30,00:00,147.258,147.948,146.367,147.398,154
2020.12.31,00:00,147.208,148.427,146.597,148.427,94
2021.01.04,00:00,148.157,148.157,141.917,144.258,387
2021.01.05,00:00,143.498,145.148,142.857,144.818,197
2021.01.06,00:00,141.367,143.548,140.998,142.938,282
2021.01.07,00:00,142.867,143.008,141.117,142.558,179
2021.01.08,00:00,141.808,144.308,141.627,144.298,187
2021.01.11,00:00,143.208,144.068,141.687,142.168,191
2021.01.12,00:00,141.528,141.837,139.427,141.608,225
2021.01.13,00:00,140.797,143.218,140.797,142.728,179
2021.01.14,00:00,141.018,142.198,139.997,141.858,174
2021.01.15,00:00,141.358,142.458,140.498,141.488,161
2021.01.19,00:00,142.118,142.527,141.437,142.127,175
2021.01.20,00:00,141.037,141.698,139.907,141.508,175
2021.01.21,00:00,140.207,140.207,138.727,139.648,213
2021.01.22,00:00,139.418,139.517,138.177,138.758,180
2021.01.25,00:00,138.008,140.277,137.517,140.168,327
2021.01.26,00:00,141.157,142.028,139.617,141.848,227
2021.01.27,00:00,140.508,142.117,137.517,138.038,599
2021.01.28,00:00,138.357,140.737,137.498,139.288,471
2021.01.29,00:00,137.777,138.417,135.997,136.787,484
2021.02.01,00:00,136.568,137.908,135.898,137.228,313
2021.02.02,00:00,136.977,139.477,136.467,138.487,284
2021.02.03,00:00,137.927,138.918,137.038,138.118,387
2021.02.04,00:00,137.718,139.717,137.717,139.717,324
2021.02.05,00:00,139.708,142.067,139.708,141.198,331
2021.02.08,00:00,141.167,141.637,139.467,140.438,201
2021.02.09,00:00,141.147,141.147,139.468,139.638,157
2021.02.10,00:00,140.417,140.428,136.737,137.688,265
2021.02.11,00:00,137.848,137.848,134.337,135.078,272
2021.02.12,00:00,135.208,135.388,133.417,134.008,216
2021.02.16,00:00,134.157,134.748,133.397,134.498,300
2021.02.17,00:00,133.908,135.028,133.807,134.438,273
2021.02.18,00:00,133.937,135.647,133.867,135.348,314
2021.02.19,00:00,134.898,134.898,132.257,132.538,296
2021.02.22,00:00,132.128,132.557,130.747,132.068,425
2021.02.23,00:00,132.398,134.258,131.297,132.858,717
2021.02.24,00:00,131.627,132.248,131.197,132.218,550
2021.02.25,00:00,131.148,131.937,129.777,130.158,742
2021.02.26,00:00,130.347,130.347,128.547,129.428,898
2021.03.01,00:00,130.368,131.918,130.327,130.708,360
2021.03.02,00:00,130.407,131.998,130.327,131.147,403
2021.03.03,00:00,129.188,130.398,129.028,129.247,863
2021.03.04,00:00,128.768,131.688,128.307,128.828,1183
2021.03.05,00:00,129.417,133.347,128.828,133.277,1036
2021.03.08,00:00,132.998,134.127,131.937,132.237,813
2021.03.09,00:00,132.588,133.868,131.997,132.348,586
2021.03.10,00:00,131.497,134.378,130.518,133.578,699
2021.03.11,00:00,133.418,134.558,132.947,133.298,405
2021.03.12,00:00,132.107,133.778,132.107,133.067,422
2021.03.15,00:00,133.238,133.458,131.947,133.198,338
2021.03.16,00:00,133.047,134.558,132.727,134.048,357
2021.03.17,00:00,134.208,134.448,133.358,133.568,476
2021.03.18,00:00,132.197,133.007,131.397,132.627,479
2021.03.19,00:00,132.048,134.567,132.047,134.527,463
2021.03.22,00:00,134.498,138.157,134.497,137.828,355
2021.03.23,00:00,137.408,140.148,137.408,139.578,408
2021.03.24,00:00,138.998,140.057,138.688,138.918,561
2021.03.25,00:00,139.118,140.207,138.297,139.808,575
2021.03.26,00:00,139.028,142.957,138.417,142.957,452
2021.03.29,00:00,142.787,144.898,142.387,144.848,605
2021.03.30,00:00,143.537,144.577,142.107,142.548,431
2021.03.31,00:00,142.478,143.147,141.137,141.598,384
2021.04.01,00:00,141.017,142.247,140.077,141.428,322
2021.04.05,00:00,141.268,144.317,141.267,143.248,360
2021.04.06,00:00,142.717,144.108,142.537,143.788,372
2021.04.07,00:00,143.597,144.038,143.007,143.468,314
2021.04.08,00:00,143.507,144.068,142.027,142.558,293
2021.04.09,00:00,142.048,143.088,141.598,142.628,249
2021.04.12,00:00,141.027,143.448,141.027,143.077,260
2021.04.13,00:00,141.498,143.897,141.498,143.078,250
2021.04.14,00:00,142.208,142.557,141.227,142.187,313
2021.04.15,00:00,141.147,143.008,141.147,142.278,213
2021.04.16,00:00,142.988,144.288,142.427,144.198,284
2021.04.19,00:00,144.267,145.517,143.237,144.727,450
2021.04.20,00:00,143.808,146.608,143.807,145.778,428
2021.04.21,00:00,147.238,147.678,146.187,146.957,374
2021.04.22,00:00,145.565,146.557,145.346,146.077,517
2021.04.23,00:00,144.926,146.297,144.926,145.867,332
2021.04.26,00:00,145.146,145.146,142.966,143.407,309
2021.04.27,00:00,142.566,143.067,142.096,142.997,317
2021.04.28,00:00,143.047,143.577,141.696,141.797,330
2021.04.29,00:00,141.996,144.417,141.217,143.955,397
2021.04.30,00:00,143.266,144.217,142.496,144.217,388
2021.05.03,00:00,144.466,146.746,144.007,145.877,293
2021.05.04,00:00,144.486,146.687,143.476,143.907,471
2021.05.05,00:00,143.497,144.476,142.866,143.867,262
2021.05.06,00:00,143.127,145.906,143.126,145.537,438
2021.05.07,00:00,145.006,145.917,143.906,145.657,383
2021.05.10,00:00,145.717,147.946,145.537,146.826,373
2021.05.11,00:00,147.166,147.346,144.996,145.767,579
2021.05.12,00:00,144.517,145.597,143.616,144.297,612
2021.05.13,00:00,143.537,147.096,143.266,146.507,477
2021.05.14,00:00,145.797,147.796,145.796,146.756,396
2021.05.17,00:00,146.267,147.317,145.696,146.187,461
2021.05.18,00:00,146.187,146.786,145.287,145.607,380
2021.05.19,00:00,143.886,145.567,143.886,145.466,633
2021.05.20,00:00,144.306,147.667,144.306,147.227,334
2021.05.21,00:00,147.306,148.177,146.487,147.137,352
2021.05.24,00:00,147.096,148.296,146.956,147.837,270
2021.05.25,00:00,147.056,148.347,146.996,148.347,357
2021.05.26,00:00,147.566,148.646,147.557,148.297,267
2021.05.27,00:00,146.997,148.636,145.496,146.707,260
2021.05.28,00:00,146.746,148.466,146.496,148.037,291
2021.06.01,00:00,148.557,148.666,147.066,147.617,308
2021.06.02,00:00,147.937,148.496,147.196,148.256,284
2021.06.03,00:00,146.477,147.737,145.996,147.737,321
2021.06.04,00:00,147.566,148.547,147.456,147.867,270
2021.06.07,00:00,147.157,148.127,146.246,147.757,298
2021.06.08,00:00,147.147,147.797,145.886,146.387,291
2021.06.09,00:00,146.187,147.497,146.006,146.156,272
2021.06.10,00:00,145.857,147.977,145.156,147.697,262
2021.06.11,00:00,147.527,147.767,146.747,147.697,219
2021.06.14,00:00,147.116,148.556,146.766,148.556,205
2021.06.15,00:00,148.616,149.126,148.027,148.617,184
2021.06.16,00:00,147.966,149.216,146.746,147.107,289
2021.06.17,00:00,147.142,148.937,146.516,148.567,323
2021.06.18,00:00,146.997,147.316,145.057,145.717,321
2021.06.21,00:00,145.946,146.637,145.446,146.606,242
2021.06.22,00:00,146.497,147.457,146.236,146.786,206
2021.06.23,00:00,145.656,145.767,144.796,144.877,196
2021.06.24,00:00,144.187,145.896,143.986,145.697,241
2021.06.25,00:00,144.997,146.776,144.996,146.457,173
2021.06.28,00:00,146.536,147.567,146.406,147.057,201
2021.06.29,00:00,146.966,147.346,146.386,146.967,229
2021.06.30,00:00,146.566,148.267,146.566,148.267,208
2021.07.01,00:00,147.707,149.007,147.706,148.207,199
2021.07.02,00:00,148.616,149.757,148.556,148.867,199
2021.07.06,00:00,148.696,149.376,147.756,149.187,224
2021.07.07,00:00,148.776,150.647,148.666,149.776,248
2021.07.08,00:00,149.126,150.577,148.976,149.916,336
2021.07.09,00:00,148.927,150.226,148.927,149.457,203
2021.07.12,00:00,149.336,149.767,148.707,149.576,176
2021.07.13,00:00,151.017,153.856,150.626,153.057,187
2021.07.14,00:00,152.246,155.107,152.246,154.557,209
2021.07.15,00:00,153.936,155.346,153.217,155.247,264
2021.07.16,00:00,155.576,156.806,155.086,155.887,230
2021.07.19,00:00,155.436,157.477,154.586,155.787,410
2021.07.20,00:00,154.847,157.226,154.846,155.957,211
2021.07.21,00:00,154.586,156.046,154.546,155.247,251
2021.07.22,00:00,154.326,155.677,153.966,155.257,239
2021.07.23,00:00,155.297,157.767,155.166,157.277,212
2021.07.26,00:00,156.496,157.456,155.896,157.137,202
2021.07.27,00:00,156.707,158.536,156.027,158.027,289
2021.07.28,00:00,157.196,157.916,155.807,156.597,256
2021.07.29,00:00,157.086,157.366,156.176,156.846,209
2021.07.30,00:00,156.327,157.506,156.326,156.957,236
2021.08.02,00:00,156.997,156.997,155.486,156.326,300
2021.08.03,00:00,156.707,157.096,156.256,156.717,265
2021.08.04,00:00,155.687,156.577,153.806,154.077,242
2021.08.05,00:00,154.417,155.106,153.856,154.327,225
2021.08.06,00:00,153.216,154.747,153.017,154.317,245
2021.08.09,00:00,154.117,154.566,153.686,154.357,193
2021.08.10,00:00,154.147,155.246,153.756,154.487,243
2021.08.11,00:00,154.616,155.966,153.836,155.006,275
2021.08.12,00:00,154.946,155.237,154.556,155.136,175
2021.08.13,00:00,154.516,156.636,153.986,156.517,164
2021.08.16,00:00,156.486,158.056,155.966,158.017,237
2021.08.17,00:00,156.956,158.357,156.956,157.877,362
2021.08.18,00:00,157.216,158.157,156.146,156.306,303
2021.08.19,00:00,155.587,159.396,154.636,158.917,373
2021.08.20,00:00,158.206,159.516,157.756,158.377,266
2021.08.23,00:00,156.896,158.477,156.896,157.866,227
2021.08.24,00:00,157.146,157.196,155.676,155.867,197
2021.08.25,00:00,155.307,155.597,154.127,155.237,237
2021.08.26,00:00,155.466,155.466,154.046,154.717,277
2021.08.27,00:00,154.666,155.317,154.096,154.987,238
2021.08.30,00:00,154.996,156.127,154.996,156.036,237
2021.08.31,00:00,155.916,156.446,155.296,156.396,282
2021.09.01,00:00,156.256,158.146,156.256,157.906,247
2021.09.02,00:00,155.946,157.227,155.866,156.957,239
2021.09.03,00:00,155.387,157.396,155.387,157.097,258
2021.09.07,00:00,155.216,156.067,153.627,154.657,257
2021.09.08,00:00,153.507,156.697,153.506,156.697,297
2021.09.09,00:00,155.997,156.847,155.326,155.736,295
2021.09.10,00:00,155.046,156.237,154.996,155.516,292
2021.09.13,00:00,155.945,157.266,154.717,155.837,361
2021.09.14,00:00,156.016,156.516,154.796,155.156,253
2021.09.15,00:00,155.116,156.357,154.737,155.997,189
2021.09.16,00:00,155.216,156.037,153.786,155.547,197
2021.09.17,00:00,154.686,155.126,153.776,154.297,337
2021.09.20,00:00,152.427,154.876,152.367,153.757,414
2021.09.21,00:00,154.207,156.026,152.916,153.716,435
2021.09.22,00:00,154.546,155.056,153.397,154.007,288
2021.09.23,00:00,153.627,154.877,153.436,154.137,239
2021.09.24,00:00,153.547,154.507,153.126,154.217,231
2021.09.27,00:00,153.027,154.047,152.347,152.756,256
2021.09.28,00:00,151.866,152.136,150.067,151.117,470
2021.09.29,00:00,150.457,153.157,150.136,152.315,319
2021.09.30,00:00,152.996,153.377,150.266,150.717,335
2021.10.01,00:00,150.736,151.567,149.496,150.897,365
2021.10.04,00:00,150.176,151.976,149.426,150.246,439
2021.10.05,00:00,151.007,152.357,150.066,151.026,271
2021.10.06,00:00,149.797,155.117,149.697,155.107,340
2021.10.07,00:00,155.447,157.727,155.446,156.457,225
2021.10.08,00:00,156.547,156.656,155.216,156.077,369
2021.10.11,00:00,155.336,157.196,155.276,156.287,265
2021.10.12,00:00,156.266,157.807,155.696,157.046,264
2021.10.13,00:00,157.317,158.007,155.996,158.007,208
2021.10.14,00:00,157.736,159.457,157.736,159.356,188
2021.10.15,00:00,158.767,159.526,157.436,158.817,165
2021.10.18,00:00,158.116,158.667,156.726,158.097,139
2021.10.19,00:00,158.137,160.116,157.446,160.116,169
2021.10.20,00:00,159.896,161.817,158.746,161.237,202
2021.10.21,00:00,160.707,161.267,158.926,159.146,168
2021.10.22,00:00,159.816,160.436,158.106,159.987,190
2021.10.25,00:00,158.896,159.577,158.726,159.196,143
2021.10.26,00:00,159.036,161.376,158.726,161.257,251
2021.10.27,00:00,161.367,161.707,159.497,160.702,225
2021.10.28,00:00,159.696,161.667,159.696,161.667,176
2021.10.29,00:00,160.997,162.067,160.796,161.627,143
2021.11.01,00:00,160.757,161.407,159.916,161.277,144
2021.11.02,00:00,160.957,162.747,160.846,162.747,197
2021.11.03,00:00,161.016,164.317,161.016,164.297,164
2021.11.04,00:00,163.037,164.537,163.036,164.267,168
2021.11.05,00:00,165.276,166.397,164.436,166.116,189
2021.11.08,00:00,165.606,165.766,161.146,162.427,166
2021.11.09,00:00,162.187,163.716,161.946,163.497,267
2021.11.10,00:00,164.436,164.826,162.966,164.186,290
2021.11.11,00:00,163.677,163.677,162.487,162.666,246
2021.11.12,00:00,162.996,163.907,162.056,162.687,210
2021.11.15,00:00,161.897,163.847,161.896,163.847,217
2021.11.16,00:00,162.996,164.866,162.996,163.317,227
2021.11.17,00:00,162.496,163.636,161.916,163.307,219
2021.11.18,00:00,162.247,163.476,161.487,163.357,225
2021.11.19,00:00,164.257,164.996,163.386,163.857,185
2021.11.22,00:00,163.116,166.686,162.826,164.157,130
2021.11.23,00:00,163.266,165.537,162.996,165.286,144
2021.11.24,00:00,164.226,164.886,162.546,163.746,118
2021.11.26,00:00,162.166,163.506,160.826,161.517,94
2021.11.29,00:00,162.386,164.556,160.806,164.267,137
2021.11.30,00:00,163.136,163.897,159.327,159.977,214
2021.12.01,00:00,161.657,163.227,160.026,160.547,357
2021.12.02,00:00,159.006,161.626,159.006,160.607,245
2021.12.03,00:00,160.257,164.797,160.257,164.797,242
2021.12.06,00:00,166.097,167.017,165.776,166.396,17
2021.12.07,00:00,166.437,166.886,165.247,166.177,126
2021.12.08,00:00,165.786,166.636,163.996,166.537,120
2021.12.09,00:00,164.737,166.856,164.737,166.427,123
2021.12.10,00:00,166.816,169.066,166.417,168.977,173
2021.12.13,00:00,168.596,171.116,167.996,169.847,196
2021.12.14,00:00,169.247,170.106,168.196,169.387,187
2021.12.15,00:00,169.766,171.726,168.996,171.687,210
2021.12.16,00:00,171.436,173.496,169.557,171.947,224
2021.12.17,00:00,171.236,172.257,167.776,168.346,262
2021.12.20,00:00,166.757,169.467,166.756,169.467,255
2021.12.21,00:00,169.037,169.496,167.726,169.037,205
2021.12.22,00:00,168.747,169.956,167.216,169.956,224
2021.12.23,00:00,169.247,170.607,168.986,169.767,205
2021.12.27,00:00,169.497,171.537,168.997,171.467,231
2021.12.28,00:00,170.386,172.736,170.386,172.377,200
2021.12.29,00:00,171.626,173.437,171.626,173.107,199
2021.12.30,00:00,173.496,173.496,172.166,172.727,149
2022.01.03,00:00,171.216,173.076,170.516,172.937,259
2022.01.04,00:00,172.657,174.397,171.606,173.387,248
2022.01.05,00:00,172.996,175.256,172.996,173.967,338
2022.01.06,00:00,172.476,175.507,172.476,173.985,300
2022.01.07,00:00,172.816,174.637,172.556,174.117,367
2022.01.10,00:00,173.316,175.776,172.986,174.277,274
2022.01.11,00:00,173.326,174.146,171.427,174.127,216
2022.01.12,00:00,173.517,174.306,172.457,173.887,248
2022.01.13,00:00,172.446,174.657,172.446,174.156,265
2022.01.14,00:00,173.897,175.917,173.316,175.767,291
2022.01.18,00:00,173.896,174.666,173.096,174.047,315
2022.01.19,00:00,172.936,175.897,172.897,175.447,293
2022.01.20,00:00,174.996,176.787,173.756,174.067,318
2022.01.21,00:00,174.157,177.126,174.076,174.667,498
2022.01.24,00:00,174.887,176.177,168.906,173.577,403
2022.01.25,00:00,170.597,172.237,169.736,171.357,573
2022.01.26,00:00,168.186,171.657,166.387,169.647,434
2022.01.27,00:00,170.387,173.196,168.756,169.516,467
2022.01.28,00:00,167.997,172.566,167.176,172.566,388
2022.01.31,00:00,170.007,173.727,170.006,173.617,358
2022.02.01,00:00,171.846,173.307,169.496,172.477,245
2022.02.02,00:00,172.226,175.566,172.216,175.487,412
2022.02.03,00:00,175.006,176.536,173.787,175.547,336
2022.02.04,00:00,171.546,174.816,171.136,172.706,288
2022.02.07,00:00,172.716,172.716,171.176,171.856,373
2022.02.08,00:00,172.047,172.427,170.276,172.085,362
2022.02.09,00:00,172.407,172.607,170.996,171.926,325
2022.02.10,00:00,168.026,171.286,167.036,168.596,226
2022.02.11,00:00,167.787,170.206,167.647,168.677,496
2022.02.14,00:00,168.506,169.476,165.056,166.797,312
2022.02.15,00:00,166.876,168.016,165.236,165.997,348
2022.02.16,00:00,164.666,167.136,164.436,166.397,308
2022.02.17,00:00,164.996,167.916,164.976,166.806,276
2022.02.18,00:00,166.516,168.167,166.146,167.806,396
2022.02.22,00:00,168.246,168.756,166.207,168.436,457
2022.02.23,00:00,167.957,168.867,166.496,166.747,453
2022.02.24,00:00,165.587,165.717,160.246,163.947,546
2022.02.25,00:00,163.787,168.416,163.786,168.377,386
2022.02.28,00:00,164.036,164.996,161.376,163.807,484
2022.03.01,00:00,161.986,164.217,161.197,162.357,484
2022.03.02,00:00,162.057,165.787,161.586,164.647,374
2022.03.03,00:00,163.356,165.036,162.786,163.267,382
2022.03.04,00:00,161.746,166.417,160.896,165.366,408
2022.03.07,00:00,164.037,165.007,162.096,162.577,484
2022.03.08,00:00,160.846,163.636,157.667,157.897,580
2022.03.09,00:00,159.807,159.807,156.376,157.387,361
2022.03.10,00:00,154.316,155.837,153.326,154.607,420
2022.03.11,00:00,155.016,156.736,153.416,153.656,331
2022.03.14,00:00,154.496,157.747,154.496,155.906,322
2022.03.15,00:00,155.397,159.387,155.396,158.927,367
2022.03.16,00:00,157.697,159.866,156.996,159.866,382
2022.03.17,00:00,157.987,161.506,157.987,160.807,281
2022.03.18,00:00,161.286,162.836,160.016,162.796,315
2022.03.21,00:00,161.166,163.637,161.046,162.517,239
2022.03.22,00:00,161.147,164.706,161.147,164.457,195
2022.03.23,00:00,163.397,165.227,162.606,163.457,335
2022.03.24,00:00,164.107,164.647,163.226,164.507,244
2022.03.25,00:00,164.246,165.847,164.246,165.227,270
2022.03.28,00:00,164.426,165.706,163.696,165.706,194
2022.03.29,00:00,166.106,168.526,166.106,168.227,336
2022.03.30,00:00,167.696,167.927,166.076,167.906,251
2022.03.31,00:00,166.966,169.166,166.966,167.777,295
2022.04.01,00:00,167.497,169.836,167.216,169.817,216
2022.04.04,00:00,168.117,169.366,167.426,169.366,163
2022.04.05,00:00,168.007,171.256,166.947,169.417,348
2022.04.06,00:00,168.086,172.596,168.086,172.497,352
2022.04.07,00:00,172.027,173.187,170.746,172.707,218
2022.04.08,00:00,172.846,173.647,171.467,173.067,212
2022.04.11,00:00,173.016,174.677,172.306,172.617,266
2022.04.12,00:00,173.177,174.567,172.116,173.427,219
2022.04.13,00:00,171.957,173.657,171.706,172.986,285
2022.04.14,00:00,173.267,174.126,171.736,171.747,189
2022.04.18,00:00,170.376,172.237,169.916,170.356,150
2022.04.19,00:00,169.787,173.117,169.787,173.026,189
2022.04.20,00:00,173.667,175.946,173.656,175.547,268
2022.04.21,00:00,175.736,177.157,174.606,174.887,504
2022.04.22,00:00,174.117,174.947,171.906,172.187,502
2022.04.25,00:00,172.947,173.796,170.976,173.716,682
2022.04.26,00:00,173.537,175.236,171.996,173.227,170
2022.04.27,00:00,172.207,176.636,172.207,175.047,660
2022.04.28,00:00,174.287,177.567,173.136,177.567,197
2022.04.29,00:00,176.226,176.396,171.386,171.526,267
2022.05.02,00:00,171.707,172.877,165.267,167.826,386
2022.05.03,00:00,167.787,169.227,166.467,168.087,273
2022.05.04,00:00,167.607,174.057,167.607,173.947,254
2022.05.05,00:00,172.627,172.966,168.987,170.247,289
2022.05.06,00:00,168.036,170.667,168.036,170.487,294
2022.05.09,00:00,168.627,172.777,168.627,171.637,313
2022.05.10,00:00,171.926,174.386,170.696,171.577,412
2022.05.11,00:00,169.717,172.266,169.446,170.717,346
2022.05.12,00:00,170.346,171.407,168.106,170.387,315
2022.05.13,00:00,170.026,173.976,169.356,173.797,279
2022.05.16,00:00,173.046,176.187,172.896,175.366,389
2022.05.17,00:00,175.346,175.346,172.427,174.587,364
2022.05.18,00:00,173.696,173.696,163.286,163.647,213
2022.05.19,00:00,161.727,162.647,159.606,161.306,304
2022.05.20,00:00,161.717,163.037,159.586,162.276,339
2022.05.23,00:00,163.446,166.867,163.446,165.636,470
2022.05.24,00:00,165.177,168.157,165.126,167.747,368
2022.05.25,00:00,166.147,169.447,166.147,168.997,445
2022.05.26,00:00,168.107,170.927,168.106,170.197,298
2022.05.27,00:00,170.137,171.766,170.137,171.636,399
2022.05.31,00:00,169.867,169.867,165.336,167.786,378
2022.06.01,00:00,167.417,168.196,163.796,166.636,380
2022.06.02,00:00,164.866,166.727,162.487,166.727,234
2022.06.03,00:00,165.937,166.487,164.326,164.946,325
2022.06.06,00:00,166.307,167.466,164.697,165.646,313
2022.06.07,00:00,164.707,166.807,163.946,166.627,281
2022.06.08,00:00,164.636,166.767,164.636,165.757,291
2022.06.09,00:00,164.537,166.797,162.587,162.857,308
2022.06.10,00:00,159.996,163.797,159.426,162.726,282
2022.06.13,00:00,160.166,162.826,159.046,159.777,408
2022.06.14,00:00,159.647,159.806,154.826,156.257,464
2022.06.15,00:00,157.446,159.747,155.806,157.897,571
2022.06.16,00:00,155.997,158.266,155.017,157.017,465
2022.06.17,00:00,156.826,158.777,156.106,157.117,696
2022.06.21,00:00,157.096,160.837,156.877,160.707,375
2022.06.22,00:00,160.197,162.937,159.477,162.276,573
2022.06.23,00:00,162.517,165.057,162.516,164.167,394
2022.06.24,00:00,164.856,166.147,163.866,166.147,264
2022.06.27,00:00,165.527,167.046,165.086,166.367,339
2022.06.28,00:00,166.496,168.337,163.826,164.006,404
2022.06.29,00:00,165.126,167.516,165.126,166.932,387
2022.06.30,00:00,166.506,167.446,165.566,166.637,402
2022.07.01,00:00,165.737,169.396,165.737,169.246,386
2022.07.05,00:00,168.466,169.066,165.316,169.016,248
2022.07.06,00:00,169.096,171.826,169.096,170.727,264
2022.07.07,00:00,168.277,170.996,168.277,170.506,278
2022.07.08,00:00,169.117,172.676,169.117,171.906,368
2022.07.11,00:00,171.106,172.716,169.996,170.567,419
2022.07.12,00:00,172.655,172.655,168.806,169.737,236
2022.07.13,00:00,168.486,171.407,167.476,170.287,454
2022.07.14,00:00,167.807,171.086,167.136,171.007,251
2022.07.15,00:00,170.867,172.526,169.946,171.217,291
2022.07.18,00:00,170.856,170.997,167.857,168.417,426
2022.07.19,00:00,169.086,170.176,168.566,170.127,420
2022.07.20,00:00,169.716,169.847,167.446,168.307,455
2022.07.21,00:00,168.107,169.297,167.536,168.517,511
2022.07.22,00:00,169.067,170.457,168.457,169.616,531
2022.07.25,00:00,169.616,170.807,169.026,169.927,428
2022.07.26,00:00,169.197,171.957,169.196,171.917,434
2022.07.27,00:00,170.076,171.907,169.017,171.736,449
2022.07.28,00:00,171.697,175.077,170.996,175.007,391
2022.07.29,00:00,173.646,175.167,173.237,175.087,412
2022.08.01,00:00,174.576,177.577,174.546,177.057,582
2022.08.02,00:00,176.406,177.006,175.186,175.606,386
2022.08.03,00:00,174.626,176.966,174.216,176.957,355
2022.08.04,00:00,175.476,176.547,174.546,175.896,299
2022.08.05,00:00,174.456,174.676,172.356,174.676,431
2022.08.08,00:00,174.497,175.636,173.276,173.967,428
2022.08.09,00:00,174.716,175.177,173.827,174.557,401
2022.08.10,00:00,175.606,176.297,174.687,176.037,373
2022.08.11,00:00,176.066,177.026,174.676,175.047,322
2022.08.12,00:00,175.457,177.367,175.297,177.367,279
2022.08.15,00:00,177.137,179.337,176.716,179.306,259
2022.08.16,00:00,179.056,180.637,178.586,180.456,334
2022.08.17,00:00,179.766,181.027,179.046,180.326,367
2022.08.18,00:00,180.176,180.767,179.916,180.366,324
2022.08.19,00:00,179.496,180.977,179.246,180.277,277
2022.08.22,00:00,178.967,180.316,178.006,178.496,253
2022.08.23,00:00,177.036,178.827,177.036,178.477,322
2022.08.24,00:00,178.326,179.456,178.056,179.326,294
2022.08.25,00:00,177.976,179.256,177.346,179.256,284
2022.08.26,00:00,178.947,179.637,174.736,175.057,304
2022.08.29,00:00,173.997,175.236,172.896,174.697,231
2022.08.30,00:00,174.507,174.507,172.316,173.137,416
2022.08.31,00:00,173.797,174.346,172.136,172.477,493
2022.09.01,00:00,170.457,172.956,170.216,172.937,478
2022.09.02,00:00,173.457,174.957,169.876,170.377,319
2022.09.06,00:00,170.886,172.476,169.096,169.457,340
2022.09.07,00:00,169.867,173.746,169.866,173.257,357
2022.09.08,00:00,172.066,173.407,170.477,172.667,331
2022.09.09,00:00,171.706,174.507,171.607,173.227,354
2022.09.12,00:00,173.527,174.397,172.696,173.927,506
2022.09.13,00:00,171.436,172.246,166.926,167.537,559
2022.09.14,00:00,168.056,169.127,167.537,168.787,543
2022.09.15,00:00,168.567,168.567,165.316,165.967,364
2022.09.16,00:00,164.937,167.146,164.936,167.146,608
2022.09.19,00:00,166.867,168.757,166.007,168.757,648
2022.09.20,00:00,167.056,169.077,166.816,168.946,393
2022.09.21,00:00,169.496,171.916,168.377,168.717,409
2022.09.22,00:00,167.396,169.837,167.396,168.727,423
2022.09.23,00:00,166.916,168.686,166.506,168.607,539
2022.09.26,00:00,168.016,169.807,167.487,168.477,613
2022.09.27,00:00,168.467,169.887,165.216,166.017,502
2022.09.28,00:00,166.767,169.477,165.176,168.776,342
2022.09.29,00:00,168.626,168.626,164.976,166.687,437
2022.09.30,00:00,166.616,167.736,162.576,163.307,651
2022.10.03,00:00,163.087,165.647,162.996,165.317,460
2022.10.04,00:00,167.026,168.666,165.506,167.216,357
2022.10.05,00:00,166.517,166.887,163.666,165.887,216
2022.10.06,00:00,165.486,165.796,162.456,162.806,270
2022.10.07,00:00,162.176,162.386,160.926,161.666,306
2022.10.10,00:00,161.806,162.887,161.186,162.017,477
2022.10.11,00:00,161.827,164.237,161.096,162.587,469
2022.10.12,00:00,167.346,170.636,166.486,169.477,314
2022.10.13,00:00,167.106,174.907,166.246,174.807,348
2022.10.14,00:00,175.637,175.637,169.916,170.287,373
2022.10.17,00:00,172.106,173.476,171.007,172.777,274
2022.10.18,00:00,172.647,175.207,172.647,175.127,225
2022.10.19,00:00,174.677,175.707,172.266,173.417,244
2022.10.20,00:00,172.506,173.436,171.076,171.427,271
2022.10.21,00:00,171.157,173.616,170.156,173.067,316
2022.10.24,00:00,174.076,177.936,174.076,177.747,321
2022.10.25,00:00,177.666,178.586,176.556,178.227,288
2022.10.26,00:00,178.337,180.806,178.266,179.037,290
2022.10.27,00:00,180.236,180.576,178.556,178.897,310
2022.10.28,00:00,179.656,182.886,177.996,182.196,256
2022.10.31,00:00,179.907,182.887,179.907,181.627,294
2022.11.01,00:00,180.206,182.636,179.806,180.837,388
2022.11.02,00:00,180.647,183.256,178.076,178.467,392
2022.11.03,00:00,175.397,178.817,175.397,177.937,393
2022.11.04,00:00,177.906,179.686,176.436,178.876,381
2022.11.07,00:00,179.377,180.547,178.566,180.236,298
2022.11.08,00:00,180.547,182.047,178.696,180.707,285
2022.11.09,00:00,179.977,180.966,178.456,178.617,285
2022.11.10,00:00,182.287,182.637,178.477,181.837,275
2022.11.11,00:00,180.606,180.606,175.426,178.046,429
2022.11.14,00:00,178.457,179.077,176.456,176.727,340
2022.11.15,00:00,176.666,178.536,175.296,177.207,422
2022.11.16,00:00,177.456,179.527,177.356,178.407,351
2022.11.17,00:00,177.126,180.116,177.126,180.116,333
2022.11.18,00:00,180.147,181.727,179.736,181.357,310
2022.11.21,00:00,180.917,185.077,180.917,184.927,347
2022.11.22,00:00,185.816,186.336,184.207,184.897,300
2022.11.23,00:00,183.656,185.767,183.656,185.046,240
2022.11.25,00:00,184.006,184.896,183.546,184.116,93
2022.11.28,00:00,183.327,185.426,183.326,184.007,286
2022.11.29,00:00,182.496,183.297,180.747,182.697,389
2022.11.30,00:00,181.847,185.496,180.107,185.496,368
2022.12.01,00:00,184.156,186.206,183.996,185.877,349
2022.12.02,00:00,183.476,186.247,183.056,185.797,317
2022.12.05,00:00,183.417,183.857,180.667,183.217,233
2022.12.06,00:00,183.417,183.956,180.596,181.646,285
2022.12.07,00:00,180.396,182.426,180.196,182.366,299
2022.12.08,00:00,181.597,183.936,180.356,183.837,313
2022.12.09,00:00,182.847,183.947,182.386,183.157,265
2022.12.12,00:00,182.937,184.036,182.227,183.987,250
2022.12.13,00:00,185.387,185.727,182.666,184.047,406
2022.12.14,00:00,183.047,185.727,181.996,183.427,332
2022.12.15,00:00,181.957,182.066,178.326,180.277,310
2022.12.16,00:00,179.617,180.756,178.396,180.447,351
2022.12.19,00:00,180.047,183.446,179.996,181.427,179
2022.12.20,00:00,180.397,182.077,180.367,181.227,371
2022.12.21,00:00,181.736,183.636,180.857,182.506,331
2022.12.22,00:00,180.457,181.527,178.796,181.107,369
2022.12.23,00:00,181.006,182.507,179.676,182.156,238
2022.12.27,00:00,182.256,183.536,182.256,183.037,178
2022.12.28,00:00,183.086,184.236,181.236,181.877,217
2022.12.29,00:00,181.867,182.806,181.146,181.987,164
2022.12.30,00:00,180.196,181.456,179.146,180.576,188
2023.01.03,00:00,180.566,180.587,176.516,179.417,185
2023.01.04,00:00,178.386,180.467,177.476,179.067,312
2023.01.05,00:00,177.996,178.397,176.666,177.156,257
2023.01.06,00:00,178.577,181.745,177.566,181.117,178
2023.01.09,00:00,178.777,182.726,178.777,179.387,581
2023.01.10,00:00,177.106,179.457,177.026,177.867,221
2023.01.11,00:00,179.036,179.347,175.626,178.047,193
2023.01.12,00:00,176.836,177.956,175.296,175.867,190
2023.01.13,00:00,174.787,175.527,174.086,175.157,122
2023.01.17,00:00,175.506,177.417,175.296,176.087,272
2023.01.18,00:00,175.007,175.507,171.296,171.627,310
2023.01.19,00:00,171.277,172.037,169.436,169.677,134
2023.01.20,00:00,167.997,169.847,167.416,169.847,169
2023.01.23,00:00,170.097,170.647,168.596,169.116,215
2023.01.24,00:00,169.116,170.856,168.346,170.856,207
2023.01.25,00:00,170.006,171.967,169.286,171.926,314
2023.01.26,00:00,171.507,171.507,170.016,170.197,283
2023.01.27,00:00,169.766,170.197,168.546,169.627,232
2023.01.30,00:00,168.586,171.337,168.586,169.537,222
2023.01.31,00:00,170.007,171.037,169.147,171.037,187
2023.02.01,00:00,170.576,172.277,169.416,171.567,250
2023.02.02,00:00,169.397,170.506,168.496,169.967,353
2023.02.03,00:00,170.496,170.817,166.996,169.296,393
2023.02.06,00:00,168.826,172.307,168.766,171.887,243
2023.02.07,00:00,169.997,171.987,169.176,171.677,237
2023.02.08,00:00,170.447,171.297,170.196,171.297,253
2023.02.09,00:00,174.176,175.946,171.996,172.826,220
2023.02.10,00:00,172.967,176.516,172.537,176.206,278
2023.02.13,00:00,175.016,178.197,175.016,177.767,157
2023.02.14,00:00,177.056,177.056,174.756,175.816,191
2023.02.15,00:00,174.806,176.017,173.806,176.017,178
2023.02.16,00:00,174.497,176.847,174.397,175.517,379
2023.02.17,00:00,174.377,176.376,174.377,176.227,567
2023.02.21,00:00,175.567,177.316,174.566,176.227,450
2023.02.22,00:00,175.656,177.347,175.656,176.156,357
2023.02.23,00:00,176.506,176.917,174.976,176.417,328
2023.02.24,00:00,175.067,176.306,174.227,176.036,335
2023.02.27,00:00,176.496,177.196,175.546,175.917,236
2023.02.28,00:00,174.137,174.757,173.186,173.777,193
2023.03.01,00:00,171.337,171.666,169.086,171.456,332
2023.03.02,00:00,170.466,173.737,169.726,173.317,463
2023.03.03,00:00,172.997,173.427,171.296,173.167,262
2023.03.06,00:00,172.056,173.597,171.997,173.547,377
2023.03.07,00:00,173.497,174.157,171.807,172.607,361
2023.03.08,00:00,171.896,173.326,171.766,173.136,479
2023.03.09,00:00,173.536,174.336,171.157,171.837,298
2023.03.10,00:00,171.377,174.146,170.906,172.117,913
2023.03.13,00:00,172.276,176.946,172.047,173.726,311
2023.03.14,00:00,171.246,173.777,171.246,173.777,209
2023.03.15,00:00,172.297,176.547,172.296,176.547,244
2023.03.16,00:00,176.447,176.926,174.976,176.545,303
2023.03.17,00:00,175.476,176.177,174.097,175.117,371
2023.03.20,00:00,175.306,177.637,175.126,177.566,305
2023.03.21,00:00,176.207,178.087,176.136,177.947,198
2023.03.22,00:00,176.506,179.277,175.926,176.757,230
2023.03.23,00:00,175.837,177.166,174.996,175.677,222
2023.03.24,00:00,176.097,179.287,175.027,179.087,233
2023.03.27,00:00,178.086,180.576,178.086,179.497,186
2023.03.28,00:00,178.227,180.406,178.227,179.517,140
2023.03.29,00:00,180.367,180.847,179.847,180.677,157
2023.03.30,00:00,180.186,181.136,179.966,180.857,145
2023.03.31,00:00,181.106,182.406,181.106,182.386,188
2023.04.03,00:00,181.077,182.737,180.356,182.497,221
2023.04.04,00:00,181.306,183.207,180.996,181.967,177
2023.04.05,00:00,182.487,184.907,182.487,183.607,143
2023.04.06,00:00,183.306,184.717,182.997,184.217,142
2023.04.10,00:00,183.006,183.546,181.646,183.097,172
2023.04.11,00:00,182.326,183.836,182.317,182.917,131
2023.04.12,00:00,181.886,183.746,181.606,182.616,219
2023.04.13,00:00,181.937,184.487,181.937,184.416,188
2023.04.14,00:00,182.727,184.016,182.716,183.547,229
2023.04.17,00:00,183.637,184.666,183.446,184.447,132
2023.04.18,00:00,184.216,185.076,183.676,184.965,135
2023.04.19,00:00,184.397,185.097,184.146,184.726,158
2023.04.20,00:00,183.867,185.996,183.857,185.317,155
2023.04.21,00:00,185.896,186.177,185.026,185.487,170
2023.04.24,00:00,185.227,186.406,184.986,185.617,174
2023.04.25,00:00,186.547,190.037,185.566,189.817,136
2023.04.26,00:00,187.337,189.257,187.327,188.626,129
2023.04.27,00:00,187.126,189.887,187.126,189.756,145
2023.04.28,00:00,189.897,191.417,188.846,190.877,145
2023.05.01,00:00,190.136,192.287,190.136,191.886,98
2023.05.02,00:00,190.157,192.457,189.676,192.457,137
2023.05.03,00:00,191.847,193.226,191.576,192.237,221
2023.05.04,00:00,192.956,193.907,191.667,193.397,211
2023.05.05,00:00,191.826,194.437,191.826,194.207,153
2023.05.08,00:00,191.636,193.886,191.636,193.377,134
2023.05.09,00:00,193.486,194.626,192.546,194.177,138
2023.05.10,00:00,192.897,195.437,192.646,194.317,215
2023.05.11,00:00,193.597,195.447,192.817,195.377,121
2023.05.12,00:00,194.947,196.207,194.857,196.207,132
2023.05.15,00:00,195.637,196.526,193.996,194.287,124
2023.05.16,00:00,193.796,194.236,192.566,193.467,170
2023.05.17,00:00,192.537,193.437,190.806,192.047,121
2023.05.18,00:00,191.046,191.637,190.376,191.637,132
2023.05.19,00:00,192.076,192.746,190.997,191.907,154
2023.05.22,00:00,190.136,191.187,186.306,186.637,125
2023.05.23,00:00,186.447,186.447,184.487,186.147,156
2023.05.24,00:00,185.927,185.937,184.187,184.847,141
2023.05.25,00:00,182.407,184.137,181.796,183.767,177
2023.05.26,00:00,183.587,184.166,182.167,183.597,158
2023.05.30,00:00,182.037,182.796,180.497,181.637,165
2023.05.31,00:00,181.997,184.507,181.336,182.626,177
2023.06.01,00:00,182.097,182.657,180.697,182.187,179
2023.06.02,00:00,181.996,184.266,181.037,184.097,189
2023.06.05,00:00,183.007,186.137,182.996,184.207,250
2023.06.06,00:00,183.996,184.996,180.406,181.647,215
2023.06.07,00:00,180.716,181.607,179.596,180.156,237
2023.06.08,00:00,179.666,182.286,178.996,182.137,169
2023.06.09,00:00,181.516,182.797,180.427,182.397,186
2023.06.12,00:00,182.397,182.577,180.516,181.937,152
2023.06.13,00:00,181.896,182.087,181.016,181.567,187
2023.06.14,00:00,181.796,183.596,181.227,183.157,187
2023.06.15,00:00,184.347,186.146,183.347,185.716,202
2023.06.16,00:00,186.126,187.537,185.146,186.037,226
2023.06.20,00:00,186.397,187.617,185.236,185.376,132
2023.06.21,00:00,185.337,186.806,184.036,185.437,157
2023.06.22,00:00,186.437,187.537,185.796,187.427,179
2023.06.23,00:00,187.056,187.826,185.506,186.057,167
2023.06.26,00:00,186.156,186.156,184.037,184.957,221
2023.06.27,00:00,184.667,186.556,183.956,186.417,216
2023.06.28,00:00,186.186,186.387,183.336,183.737,273
2023.06.29,00:00,182.857,183.876,181.266,183.876,188
2023.06.30,00:00,184.006,185.366,183.956,185.277,146
2023.07.03,00:00,184.006,185.556,183.306,185.527,72
2023.07.05,00:00,184.897,186.667,184.897,186.667,154
2023.07.06,00:00,184.506,186.737,184.496,186.737,125
2023.07.07,00:00,185.707,185.707,183.016,183.127,155
2023.07.10,00:00,183.776,185.847,183.497,184.317,159
2023.07.11,00:00,184.367,184.617,182.406,184.027,114
2023.07.12,00:00,183.986,184.486,182.957,183.167,143
2023.07.13,00:00,185.797,187.967,183.136,187.707,139
2023.07.14,00:00,186.687,188.556,186.636,188.176,114
2023.07.17,00:00,186.217,186.946,185.256,185.596,151
2023.07.18,00:00,185.287,186.726,183.796,184.466,151
2023.07.19,00:00,185.066,186.557,184.306,186.337,164
2023.07.20,00:00,187.127,189.926,186.676,189.377,179
2023.07.21,00:00,189.497,191.436,189.216,190.047,169
2023.07.24,00:00,190.157,191.336,190.086,190.927,147
2023.07.25,00:00,190.197,191.976,189.906,191.546,126
2023.07.26,00:00,190.996,192.327,190.006,191.617,173
2023.07.27,00:00,191.946,192.216,188.276,188.587,186
2023.07.28,00:00,189.646,191.207,189.646,190.296,160
2023.07.31,00:00,189.267,189.407,186.806,187.457,136
2023.08.01,00:00,187.226,188.537,186.386,186.787,122
2023.08.02,00:00,185.996,189.886,185.996,188.447,156
2023.08.03,00:00,187.046,188.956,186.946,187.217,146
2023.08.04,00:00,186.616,187.887,184.307,184.566,176
2023.08.07,00:00,184.797,187.177,184.797,186.976,152
2023.08.08,00:00,186.557,187.297,183.996,184.457,156
2023.08.09,00:00,183.347,184.947,182.566,183.992,158
2023.08.10,00:00,182.796,185.437,182.796,183.797,198
2023.08.11,00:00,183.697,184.216,183.066,184.037,171
2023.08.14,00:00,183.996,184.727,183.096,183.607,137
2023.08.15,00:00,183.176,183.447,181.147,181.486,148
2023.08.16,00:00,181.107,182.916,180.926,181.307,169
2023.08.17,00:00,180.186,181.186,178.256,178.557,190
2023.08.18,00:00,177.547,179.437,177.236,178.126,170
2023.08.21,00:00,177.507,177.777,176.216,177.096,182
2023.08.22,00:00,176.267,176.697,175.286,175.817,150
2023.08.23,00:00,177.077,178.196,176.297,178.136,150
2023.08.24,00:00,177.246,180.406,177.006,177.367,197
2023.08.25,00:00,177.806,179.677,177.667,179.447,204
2023.08.28,00:00,180.506,180.826,179.326,180.367,151
2023.08.29,00:00,180.297,181.136,178.996,181.007,156
2023.08.30,00:00,181.507,182.126,180.696,181.117,167
2023.08.31,00:00,179.296,179.336,177.836,177.977,150
2023.09.01,00:00,178.076,178.076,174.616,175.296,156
2023.09.05,00:00,173.997,175.786,173.606,174.187,133
2023.09.06,00:00,174.096,174.987,173.437,174.736,153
2023.09.07,00:00,175.437,177.007,175.177,176.487,161
2023.09.08,00:00,175.597,177.067,175.586,176.297,125
2023.09.11,00:00,176.746,179.387,176.746,178.967,118
2023.09.12,00:00,178.736,178.806,177.726,178.326,145
2023.09.13,00:00,178.366,180.107,177.796,179.687,128
2023.09.14,00:00,179.747,181.666,179.286,181.327,145
2023.09.15,00:00,180.317,181.757,179.586,179.937,163
2023.09.18,00:00,180.487,180.727,178.426,179.417,159
2023.09.19,00:00,178.506,178.846,177.276,178.337,150
2023.09.20,00:00,178.637,179.396,177.546,178.427,192
2023.09.21,00:00,177.897,178.026,175.196,175.457,196
2023.09.22,00:00,174.246,176.357,174.246,175.317,143
2023.09.25,00:00,174.696,175.326,173.166,174.367,136
2023.09.26,00:00,173.086,173.187,171.627,172.577,149
2023.09.27,00:00,172.017,172.347,169.006,169.557,159
2023.09.28,00:00,169.897,169.897,168.127,169.567,176
2023.09.29,00:00,169.686,170.677,168.017,169.457,201
2023.10.02,00:00,169.076,169.236,167.277,169.177,337
2023.10.03,00:00,168.067,169.016,166.996,167.727,294
2023.10.04,00:00,167.837,169.087,167.016,168.987,286
2023.10.05,00:00,168.557,168.557,159.836,160.157,336
2023.10.06,00:00,158.706,160.857,155.817,160.306,331
2023.10.09,00:00,159.997,161.346,158.636,161.346,292
2023.10.10,00:00,163.756,165.126,162.026,164.417,304
2023.10.11,00:00,164.417,165.256,161.586,162.667,245
2023.10.12,00:00,162.507,162.507,157.417,158.157,334
2023.10.13,00:00,158.437,160.127,157.897,160.127,297
2023.10.16,00:00,160.697,161.856,159.796,161.137,206
2023.10.17,00:00,159.656,161.566,159.126,160.397,200
2023.10.18,00:00,160.797,163.307,160.027,162.117,241
2023.10.19,00:00,161.496,162.636,160.376,160.717,265
2023.10.20,00:00,160.796,162.096,159.656,160.087,252
2023.10.23,00:00,158.996,161.547,158.996,160.197,237
2023.10.24,00:00,160.087,162.757,158.906,162.276,260
2023.10.25,00:00,161.946,163.417,161.436,162.396,195
2023.10.26,00:00,162.457,163.276,161.296,161.506,331
2023.10.27,00:00,161.797,161.857,158.856,159.657,443
2023.10.30,00:00,160.217,162.497,160.217,162.347,328
2023.10.31,00:00,162.787,163.327,161.636,163.327,263
2023.11.01,00:00,163.097,165.377,162.726,164.907,413
2023.11.02,00:00,164.476,167.137,164.476,166.907,309
2023.11.03,00:00,168.316,168.537,166.686,166.816,236
2023.11.06,00:00,165.047,167.386,165.047,166.717,240
2023.11.07,00:00,165.857,167.637,165.856,167.177,287
2023.11.08,00:00,167.747,168.257,166.617,167.447,280
2023.11.09,00:00,167.376,167.376,165.796,166.157,334
2023.11.10,00:00,167.196,167.426,164.856,166.937,264
2023.11.13,00:00,166.916,168.707,166.406,167.787,295
2023.11.14,00:00,167.946,168.347,166.797,168.147,269
2023.11.15,00:00,168.457,168.457,166.256,167.287,238
2023.11.16,00:00,168.246,168.766,166.356,167.717,267
2023.11.17,00:00,167.206,167.296,165.746,166.817,206
2023.11.20,00:00,165.807,166.727,165.706,166.497,179
2023.11.21,00:00,166.547,167.816,165.907,167.816,151
2023.11.22,00:00,167.757,169.437,167.756,169.197,159
2023.11.24,00:00,168.697,169.906,168.697,169.357,82
2023.11.27,00:00,169.396,169.407,168.036,168.337,136
2023.11.28,00:00,167.997,169.736,167.996,168.877,221
2023.11.29,00:00,168.857,169.026,166.636,167.157,165
2023.11.30,00:00,165.996,168.346,164.707,168.346,234
2023.12.01,00:00,167.996,168.706,167.357,168.677,196
2023.12.04,00:00,168.106,169.817,168.106,169.147,180
2023.12.05,00:00,167.787,169.557,167.686,167.927,207
2023.12.06,00:00,167.896,168.027,166.686,167.487,197
2023.12.07,00:00,167.276,168.247,166.656,167.487,140
2023.12.08,00:00,167.007,167.007,165.266,165.627,169
2023.12.11,00:00,167.146,167.946,166.426,167.827,157
2023.12.12,00:00,168.506,168.667,167.506,168.467,172
2023.12.13,00:00,168.257,172.016,168.026,171.967,205
2023.12.14,00:00,170.997,171.776,167.896,168.267,212
2023.12.15,00:00,166.777,168.467,166.366,167.187,222
2023.12.18,00:00,167.866,170.217,167.246,168.907,172
2023.12.19,00:00,167.817,168.506,167.247,167.947,146
2023.12.20,00:00,166.107,167.396,165.646,165.757,203
2023.12.21,00:00,166.097,167.047,165.346,167.047,180
2023.12.22,00:00,166.936,168.157,166.796,167.587,182
2023.12.26,00:00,167.536,169.317,167.146,168.907,122
2023.12.27,00:00,168.686,169.447,168.296,169.447,200
2023.12.28,00:00,169.196,169.477,168.676,169.477,127
2023.12.29,00:00,169.297,170.036,168.946,169.707,170
2024.01.02,00:00,169.266,172.957,169.037,172.957,202
2024.01.03,00:00,174.476,174.476,172.396,173.037,231
2024.01.04,00:00,171.006,173.466,170.326,171.517,235
2024.01.05,00:00,170.647,171.026,167.536,168.907,179
2024.01.08,00:00,168.596,169.657,167.756,169.207,164
2024.01.09,00:00,167.107,167.497,165.906,167.197,165
2024.01.10,00:00,166.396,167.916,166.046,166.916,180
2024.01.11,00:00,166.726,166.726,164.796,166.267,212
2024.01.12,00:00,166.097,167.367,165.386,167.367,191
2024.01.16,00:00,167.096,167.456,165.156,166.186,213
2024.01.17,00:00,165.597,166.667,165.307,166.627,198
2024.01.18,00:00,165.187,167.256,164.946,167.256,176
2024.01.19,00:00,166.996,166.996,165.556,165.737,214
2024.01.22,00:00,165.786,166.627,164.996,165.126,179
2024.01.23,00:00,164.116,167.896,164.107,167.627,180
2024.01.24,00:00,167.566,167.566,165.496,165.597,165
2024.01.25,00:00,165.697,166.587,164.887,166.587,183
2024.01.26,00:00,166.327,167.976,166.327,167.877,140
2024.01.29,00:00,167.007,168.647,167.007,168.166,126
2024.01.30,00:00,167.296,169.666,167.286,169.647,145
2024.01.31,00:00,169.687,170.307,167.816,168.616,191
2024.02.01,00:00,168.367,171.776,167.106,171.776,167
2024.02.02,00:00,171.007,171.877,170.047,170.997,164
2024.02.05,00:00,169.656,171.537,168.836,170.986,166
2024.02.06,00:00,170.616,171.777,169.916,171.437,145
2024.02.07,00:00,172.377,172.786,171.356,171.497,139
2024.02.08,00:00,170.847,174.037,170.847,174.037,174
2024.02.09,00:00,171.257,171.257,166.806,167.737,169
2024.02.12,00:00,167.496,171.017,167.186,170.726,141
2024.02.13,00:00,170.636,171.167,167.117,168.947,186
2024.02.14,00:00,168.166,168.367,166.046,167.497,138
2024.02.15,00:00,167.527,168.216,166.656,167.867,139
2024.02.16,00:00,166.607,167.397,165.447,166.316,144
2024.02.20,00:00,167.427,169.477,167.016,168.686,178
2024.02.21,00:00,168.756,169.877,167.846,168.897,140
2024.02.22,00:00,166.776,168.796,166.096,168.277,147
2024.02.23,00:00,167.856,170.166,167.627,169.676,139
2024.02.26,00:00,168.996,169.336,167.696,168.287,116
2024.02.27,00:00,166.887,168.207,166.876,168.207,118
2024.02.28,00:00,167.356,167.886,166.436,167.057,120
2024.02.29,00:00,165.917,166.637,164.887,165.427,140
2024.03.01,00:00,164.797,164.807,163.226,164.587,137
2024.03.04,00:00,164.157,165.586,163.447,165.417,104
2024.03.05,00:00,164.907,165.307,161.786,162.097,121
2024.03.06,00:00,161.897,163.966,161.897,162.997,109
2024.03.07,00:00,162.826,163.567,162.466,163.137,95
2024.03.08,00:00,162.006,164.016,161.556,163.137,127
2024.03.11,00:00,163.737,165.287,163.267,164.767,96
2024.03.12,00:00,164.826,165.346,163.886,164.706,91
2024.03.13,00:00,165.007,166.096,164.696,165.357,91
2024.03.14,00:00,165.237,165.577,164.167,164.797,108
2024.03.15,00:00,163.397,165.157,163.397,164.637,140
2024.03.18,00:00,166.136,172.136,166.136,171.287,167
2024.03.19,00:00,170.996,172.546,170.966,171.946,129
2024.03.20,00:00,171.307,172.906,171.096,171.837,125
2024.03.21,00:00,170.996,173.376,170.946,172.537,102
2024.03.22,00:00,172.587,173.066,171.747,172.127,83
2024.03.25,00:00,172.017,173.047,172.016,172.637,116
2024.03.26,00:00,171.797,172.906,171.786,172.786,110
2024.03.27,00:00,173.836,174.577,173.026,173.587,113
2024.03.28,00:00,174.307,175.776,174.256,175.157,115
2024.04.01,00:00,175.117,175.857,172.627,172.997,111
2024.04.02,00:00,172.647,173.777,171.356,171.447,94
2024.04.03,00:00,168.996,170.886,168.636,169.747,120
2024.04.04,00:00,169.826,171.696,169.326,169.676,135
2024.04.05,00:00,169.257,169.927,168.037,169.217,118
2024.04.08,00:00,168.257,169.957,168.257,169.637,87
2024.04.09,00:00,170.047,170.697,168.696,170.637,81
2024.04.10,00:00,168.337,169.127,167.707,169.107,143
2024.04.11,00:00,169.276,169.646,167.746,168.467,105
2024.04.12,00:00,167.496,168.467,167.097,168.117,120
2024.04.15,00:00,168.767,168.866,166.006,167.016,121
2024.04.16,00:00,167.047,168.486,166.647,167.547,137
2024.04.17,00:00,168.997,169.577,168.176,169.577,135
2024.04.18,00:00,169.607,172.587,169.606,172.397,121
2024.04.19,00:00,171.097,174.216,171.086,174.216,119
2024.04.22,00:00,174.017,177.137,173.966,176.507,142
2024.04.23,00:00,174.456,174.456,170.116,171.407,151
2024.04.24,00:00,168.316,178.047,167.587,177.486,163
2024.04.25,00:00,178.156,180.107,175.476,176.797,149
2024.04.26,00:00,173.836,178.456,173.467,175.727,112
2024.04.29,00:00,174.996,176.267,174.996,176.107,123
2024.04.30,00:00,176.047,176.126,174.726,175.967,156
2024.05.01,00:00,174.787,176.116,173.577,175.317,143
2024.05.02,00:00,175.616,176.297,174.347,175.487,123
2024.05.03,00:00,175.456,176.447,174.796,176.177,113
2024.05.06,00:00,176.396,176.466,175.106,175.887,99
2024.05.07,00:00,176.677,178.137,176.406,178.137,98
2024.05.08,00:00,178.016,178.797,177.136,177.487,98
2024.05.09,00:00,177.147,178.356,176.937,178.076,79
2024.05.10,00:00,177.936,180.107,177.056,179.907,100
2024.05.13,00:00,180.507,181.297,179.806,180.947,97
2024.05.14,00:00,180.797,180.916,178.557,180.057,133
2024.05.15,00:00,178.586,180.376,178.586,179.467,111
2024.05.16,00:00,179.377,183.327,179.136,183.226,125
2024.05.17,00:00,182.436,182.916,181.697,182.166,110
2024.05.20,00:00,181.127,181.916,179.877,180.317,95
2024.05.21,00:00,180.896,181.496,179.697,181.157,115
2024.05.22,00:00,179.746,182.117,179.736,182.117,116
2024.05.23,00:00,181.237,181.796,179.006,179.216,108
2024.05.24,00:00,178.997,179.116,177.817,177.897,92
2024.05.28,00:00,175.336,175.787,171.846,173.397,136
2024.05.29,00:00,171.906,173.007,170.706,171.237,102
2024.05.30,00:00,171.247,171.596,170.376,170.556,83
2024.05.31,00:00,169.826,172.936,169.376,172.936,107
2024.06.03,00:00,172.387,172.726,171.006,171.187,115
2024.06.04,00:00,171.197,174.267,170.637,173.927,114
2024.06.05,00:00,173.677,173.747,171.856,173.467,110
2024.06.06,00:00,173.497,174.296,172.626,173.237,150
2024.06.07,00:00,171.336,172.477,170.697,171.067,103
2024.06.10,00:00,169.997,169.997,165.606,165.907,134
2024.06.11,00:00,164.726,165.407,163.496,165.057,122
2024.06.12,00:00,164.596,164.987,162.396,163.827,126
2024.06.13,00:00,162.007,163.446,161.496,163.446,120
2024.06.14,00:00,162.887,164.327,162.436,163.776,90
2024.06.17,00:00,163.076,166.306,162.696,166.287,100
2024.06.18,00:00,165.997,166.737,165.206,166.527,80
2024.06.20,00:00,165.507,167.536,165.506,166.647,122
2024.06.21,00:00,167.067,168.846,166.406,167.367,119
2024.06.24,00:00,167.397,169.456,166.996,168.157,99
2024.06.25,00:00,168.026,168.647,167.056,167.427,81
2024.06.26,00:00,165.507,166.917,164.286,166.917,91
2024.06.27,00:00,166.347,167.057,165.256,166.297,79
2024.06.28,00:00,165.146,166.146,164.136,164.967,127
2024.07.01,00:00,164.566,165.767,162.556,162.907,82
2024.07.02,00:00,163.107,164.316,162.296,163.617,94
2024.07.03,00:00,162.777,164.017,161.926,162.517,63
2024.07.05,00:00,162.597,164.397,162.256,164.367,86
2024.07.08,00:00,162.846,163.496,161.896,162.077,81
2024.07.09,00:00,162.146,162.506,161.496,161.917,85
2024.07.10,00:00,161.857,163.747,160.627,163.737,120
2024.07.11,00:00,158.097,164.766,158.016,164.157,157
2024.07.12,00:00,164.496,167.976,163.957,166.337,108
2024.07.15,00:00,165.156,166.156,163.637,163.847,145
2024.07.16,00:00,162.507,164.966,162.507,164.826,104
2024.07.17,00:00,165.707,169.966,165.706,169.966,141
2024.07.18,00:00,168.277,172.637,168.277,170.446,124
2024.07.19,00:00,170.027,170.166,168.436,169.436,112
2024.07.22,00:00,169.366,169.366,167.336,167.667,98
2024.07.23,00:00,167.676,168.297,166.156,166.317,91
2024.07.24,00:00,166.087,168.597,164.936,168.287,133
2024.07.25,00:00,169.120,173.367,168.626,171.217,135
2024.07.26,00:00,170.116,172.737,170.116,172.737,109
2024.07.29,00:00,171.777,173.406,170.566,173.267,115
2024.07.30,00:00,172.656,173.377,171.417,173.277,130
2024.07.31,00:00,173.496,174.627,172.136,172.787,147
2024.08.01,00:00,172.026,175.476,171.837,174.967,163
2024.08.02,00:00,178.556,179.737,173.787,178.037,157
2024.08.05,00:00,179.177,180.507,172.946,174.077,185
2024.08.06,00:00,172.137,176.096,172.137,172.547,164
2024.08.07,00:00,171.366,174.327,171.156,171.817,118
2024.08.08,00:00,170.106,172.846,169.176,172.557,121
2024.08.09,00:00,171.196,172.776,170.296,172.556,124
2024.08.12,00:00,171.187,172.746,170.676,171.407,133
2024.08.13,00:00,171.116,172.397,170.166,172.397,102
2024.08.14,00:00,172.026,174.277,171.796,173.737,110
2024.08.15,00:00,172.627,174.026,171.796,172.537,91
2024.08.16,00:00,171.957,172.686,171.056,172.616,99
2024.08.19,00:00,172.436,173.916,172.346,173.797,81
2024.08.20,00:00,172.937,175.877,172.457,175.877,139
2024.08.21,00:00,175.807,176.756,174.616,175.247,163
2024.08.22,00:00,175.277,175.946,174.666,175.717,116
2024.08.23,00:00,175.646,175.976,173.636,175.947,119
2024.08.26,00:00,176.027,176.727,175.706,175.937,83
2024.08.27,00:00,176.427,176.756,174.486,175.347,81
2024.08.28,00:00,175.336,175.626,173.306,173.926,99
2024.08.29,00:00,173.016,173.556,171.906,172.167,102
2024.08.30,00:00,172.046,173.077,171.226,172.857,101
2024.09.03,00:00,171.596,177.837,171.596,177.547,162
2024.09.04,00:00,177.597,179.536,176.266,178.747,141
2024.09.05,00:00,178.816,179.667,177.476,179.317,128
2024.09.06,00:00,177.006,178.536,176.736,177.387,151
2024.09.09,00:00,176.737,178.737,175.787,178.257,108
2024.09.10,00:00,178.467,179.037,177.496,177.867,139
2024.09.11,00:00,177.477,177.477,174.386,176.047,151
2024.09.12,00:00,175.616,177.637,173.897,177.227,125
2024.09.13,00:00,177.297,177.866,176.016,177.427,123
2024.09.16,00:00,178.817,179.116,176.336,177.207,110
2024.09.17,00:00,176.857,178.027,176.247,176.847,125
2024.09.18,00:00,176.417,177.987,174.387,175.216,136
2024.09.19,00:00,175.516,175.616,174.137,174.727,150
2024.09.20,00:00,172.726,173.536,170.206,171.227,211
2024.09.23,00:00,170.725,173.887,170.547,172.116,107
2024.09.24,00:00,170.786,171.527,169.627,169.937,231
2024.09.25,00:00,170.206,170.647,168.766,169.387,111
2024.09.26,00:00,169.037,170.886,168.617,169.767,145
2024.09.27,00:00,169.766,171.606,169.627,170.057,157
2024.09.30,00:00,170.287,171.377,169.566,170.057,131
2024.10.01,00:00,171.137,171.847,169.766,171.407,201
2024.10.02,00:00,171.477,171.477,168.516,169.566,105
2024.10.03,00:00,168.026,169.067,167.147,168.557,146
2024.10.04,00:00,166.996,168.416,166.826,168.016,151
2024.10.07,00:00,167.817,167.857,166.416,167.256,126
2024.10.08,00:00,167.586,170.627,166.826,170.627,230
2024.10.09,00:00,169.246,173.247,169.217,172.547,244
2024.10.10,00:00,171.806,173.027,171.176,173.027,191
2024.10.11,00:00,173.806,175.107,172.826,174.837,147
2024.10.14,00:00,174.937,176.216,174.386,176.186,250
2024.10.15,00:00,176.446,177.277,175.097,175.927,162
2024.10.16,00:00,175.066,175.237,173.606,174.507,125
2024.10.17,00:00,174.446,175.427,173.676,174.766,160
2024.10.18,00:00,172.116,175.257,172.116,175.047,161
2024.10.21,00:00,173.886,177.437,173.886,175.077,87
2024.10.22,00:00,174.116,174.826,173.457,174.387,93
2024.10.23,00:00,173.366,173.726,172.356,173.027,179
2024.10.24,00:00,172.646,173.306,171.676,172.177,99
2024.10.25,00:00,172.477,173.926,171.596,171.837,152
2024.10.28,00:00,172.586,172.586,169.657,169.846,86
2024.10.29,00:00,169.106,169.106,166.956,167.506,94
2024.10.30,00:00,166.797,167.496,166.056,166.217,194
2024.10.31,00:00,165.997,167.456,165.866,166.227,143
2024.11.01,00:00,166.027,166.207,165.196,165.677,96
2024.11.04,00:00,165.296,166.566,165.176,166.407,158
2024.11.05,00:00,166.166,167.927,165.496,167.857,109
2024.11.06,00:00,166.897,166.897,163.557,164.727,123
2024.11.07,00:00,164.127,164.826,163.446,164.017,94
2024.11.08,00:00,163.797,165.796,163.596,165.137,126
2024.11.11,00:00,164.246,166.056,163.976,164.297,86
2024.11.12,00:00,164.087,164.947,163.116,164.436,76
2024.11.13,00:00,163.417,164.787,162.226,164.787,167
2024.11.14,00:00,164.406,166.857,163.796,165.136,181
2024.11.15,00:00,164.007,164.007,158.036,158.727,159
2024.11.18,00:00,158.996,159.787,157.706,158.347,79
2024.11.19,00:00,157.796,157.796,155.846,156.716,90
2024.11.20,00:00,156.417,158.977,156.206,158.757,88
2024.11.21,00:00,157.996,160.457,157.896,160.457,83
2024.11.22,00:00,159.997,161.997,159.866,161.997,140
2024.11.25,00:00,162.467,163.516,161.996,163.107,147
2024.11.26,00:00,162.917,163.097,161.877,162.297,86
2024.11.27,00:00,161.607,165.056,161.606,162.636,76
2024.11.29,00:00,161.447,163.506,160.556,163.446,67
2024.12.02,00:00,163.007,163.247,161.696,163.117,88
2024.12.03,00:00,162.416,162.717,161.376,161.806,91
2024.12.04,00:00,159.826,160.606,159.067,160.177,84
2024.12.05,00:00,160.297,160.956,158.826,160.517,89
2024.12.06,00:00,158.966,160.736,157.626,157.777,84
2024.12.09,00:00,157.787,161.367,156.516,159.467,148
2024.12.10,00:00,158.747,160.356,157.306,159.837,90
2024.12.11,00:00,160.087,160.266,156.246,156.817,96
2024.12.12,00:00,158.237,159.156,157.956,158.907,108
2024.12.13,00:00,157.297,159.487,156.996,157.976,86
2024.12.16,00:00,157.696,158.716,155.876,156.047,78
2024.12.17,00:00,155.426,158.427,155.206,156.157,89
2024.12.18,00:00,154.267,155.757,153.826,154.557,88
2024.12.19,00:00,153.007,153.967,151.396,151.556,102
2024.12.20,00:00,150.116,153.367,150.116,152.817,95
2024.12.23,00:00,152.196,152.196,149.696,151.347,84
2024.12.24,00:00,150.496,152.716,150.296,152.716,41
2024.12.26,00:00,152.496,153.077,152.246,152.437,64
2024.12.27,00:00,150.446,153.447,150.437,152.947,87
2024.12.30,00:00,152.437,152.796,151.037,151.787,93
2024.12.31,00:00,150.807,152.886,150.807,151.977,69
