date,open,high,low,close,volume,minutes
2017-05-11,101.76,101.68,100.12,101.0,54.48000012896955,390
2017-05-12,100.52,100.9,100.16,100.79,54.91000002808869,390
2017-05-15,101.58,102.55,101.38,102.42,56.239999981597066,390
2017-05-16,102.59,102.47,101.27,102.34,47.10000003501773,390
2017-05-17,100.52,101.63,100.0,100.21,79.1899999640882,390
2017-05-18,99.05,100.65,97.71,100.3,78.36999991163611,390
2017-05-19,101.36,102.84,101.21,102.4,66.57000000029802,390
2017-05-22,102.49,102.95,101.8,102.35,62.86000008136034,390
2017-05-23,102.59,103.73,102.04,103.7,55.56999983265996,390
2017-05-24,103.26,104.87,103.07,104.0,58.70795201091096,390
2017-05-25,104.488,105.87,104.158,105.01,55.170267161913216,390
2017-05-26,104.768,105.68,104.596,105.67,39.85099611314945,390
2017-05-29,105.65,105.65,105.65,105.65,0.0,390
2017-05-30,105.02,105.84,105.0,105.57,36.15855817357078,390
2017-05-31,105.178,105.61,103.59,105.5,56.29607706842944,390
2017-06-01,105.659,106.42,105.136,105.68,49.86658822242316,390
2017-06-02,105.359,106.75,105.138,105.989,44.250991076696664,390
2017-06-05,105.036,107.14,105.036,105.25,47.136989125749096,390
2017-06-06,104.51,105.5,104.06,104.62,57.64487595157698,390
2017-06-07,104.186,104.63,102.45,103.52,54.964298207778484,390
2017-06-08,103.516,105.31,103.516,105.06,60.943071014247835,390
2017-06-09,105.118,106.96,104.95,105.92,61.84973994642496,390
2017-06-12,105.448,106.32,104.878,106.06,58.21364296460524,390
2017-06-13,106.15,106.6,105.5,105.67,47.328004078008235,390
2017-06-14,105.75,105.9,103.998,104.69,54.47283413307741,390
2017-06-15,103.8,106.62,103.8,106.399,60.883312033023685,390
2017-06-16,106.366,107.86,106.35,107.57,40.3074631690979,390
2017-06-19,107.907,107.94,106.67,107.53,44.837805149611086,390
2017-06-20,107.606,108.08,106.89,107.13,51.608398142736405,390
2017-06-21,107.02,107.02,103.23,103.52,69.8900001924485,390
2017-06-22,103.66,104.59,103.49,103.83,51.12000006623566,390
2017-06-23,102.48,104.24,102.33,104.18,60.68000006489456,390
2017-06-26,104.54,105.58,103.44,104.26,53.54999994114041,390
2017-06-27,104.2,105.17,103.62,104.03,61.72000003606081,390
2017-06-28,104.81,106.62,104.72,106.46,56.3300000205636,390
2017-06-29,106.29,106.93,104.8,105.69,74.1399998459965,390
2017-06-30,105.97,108.01,105.77,107.64,65.35000002197921,390
2017-07-03,107.47,107.79,106.5,106.97,35.91000004298985,390
2017-07-05,106.76,107.85,106.61,107.52,62.709999883547425,390
2017-07-06,107.44,107.85,106.28,106.57,60.65999993681908,390
2017-07-07,106.73,107.55,105.84,107.01,66.3000001385808,390
2017-07-10,106.57,108.47,106.24,107.87,65.78000009432435,390
2017-07-11,107.65,108.44,107.03,108.25,67.6399999037385,390
2017-07-12,108.93,109.9,108.83,108.93,68.59999983012676,390
2017-07-13,108.75,109.19,107.96,108.5,66.30000005103648,390
2017-07-14,108.25,109.34,108.03,108.79,64.46999997273088,390
2017-07-17,108.37,109.31,108.13,108.89,57.15000000037253,390
2017-07-18,108.1,108.0,106.56,107.07,69.36999999172986,390
2017-07-19,107.13,107.98,107.08,107.83,57.98000002093613,390
2017-07-20,107.74,108.11,107.06,107.22,68.47000019066036,390
2017-07-21,106.77,106.67,105.15,106.58,77.47000014781952,390
2017-07-24,107.84,108.4,107.28,108.39,66.75000000372529,390
2017-07-25,113.09,114.88,112.0,114.87,82.78000015579164,390
2017-07-26,114.24,114.19,113.07,113.53,70.50000013969839,390
2017-07-27,113.56,114.34,113.2,114.36,86.1600001025945,390
2017-07-28,114.3,114.83,113.47,114.14,73.7200001757592,390
2017-07-31,114.49,114.52,113.66,114.04,72.10999999754131,390
2017-08-01,113.95,114.22,112.52,113.09,62.52999995648861,390
2017-08-02,113.28,113.41,112.1,113.08,69.35999995097518,390
2017-08-03,113.28,113.65,113.1,113.56,62.90000013820827,390
2017-08-04,113.78,114.58,113.41,114.32,64.3100001309067,390
2017-08-07,114.42,114.96,114.31,114.71,40.99000005796552,390
2017-08-08,114.4,115.21,114.15,114.45,64.6500001065433,390
2017-08-09,114.53,115.42,114.1,114.37,55.02999997511506,390
2017-08-10,113.65,114.04,112.85,113.21,94.43000006303191,390
2017-08-11,112.75,113.55,112.75,112.87,80.60000020265579,390
2017-08-14,113.35,114.22,113.35,113.74,62.090000128373504,390
2017-08-15,113.86,114.16,113.3,113.8,63.15999998524785,390
2017-08-16,113.66,114.48,113.65,114.15,70.68000003695488,390
2017-08-17,114.09,114.31,113.16,113.26,93.78000021353364,390
2017-08-18,112.92,114.61,112.75,113.96,99.47999995574355,390
2017-08-21,113.55,114.07,113.25,113.62,80.51000005193055,390
2017-08-22,114.23,115.83,114.03,115.84,62.13999994471669,390
2017-08-23,114.96,115.29,114.74,114.82,71.39000018686056,390
2017-08-24,114.96,114.94,114.37,114.85,92.94000018015504,390
2017-08-25,115.11,116.61,115.11,115.35,75.15000011585653,390
2017-08-28,115.33,115.99,114.65,115.09,62.28999998047948,390
2017-08-29,114.29,116.56,114.25,116.0,75.14000001363456,390
2017-08-30,116.08,117.66,115.84,117.5,64.73000011220574,390
2017-08-31,117.82,118.77,117.34,117.48,66.93000027909875,390
2017-09-01,117.46,118.8,117.46,118.36,69.96000001206994,390
2017-09-05,118.37,119.1,117.83,118.28,73.73000014573336,390
2017-09-06,118.61,119.05,117.01,117.17,59.99999998882413,390
2017-09-07,117.08,117.9,116.5,117.78,63.600000005215406,390
2017-09-08,117.36,118.82,116.99,117.85,56.97999998182058,390
2017-09-11,118.71,118.86,117.45,118.9,70.8199999704957,390
2017-09-12,119.2,121.28,119.06,120.91,63.23000010475516,390
2017-09-13,120.43,120.85,119.39,119.65,52.929999962449074,390
2017-09-14,119.71,120.77,119.19,120.54,50.370000122115016,390
2017-09-15,120.37,121.547,119.619,121.388,43.695917987730354,390
2017-09-18,123.958,123.898,122.828,123.798,53.82086500560399,390
2017-09-19,123.928,124.918,123.747,124.728,40.677559027215466,390
2017-09-20,124.847,125.257,124.177,124.947,54.64820305723697,390
2017-09-21,124.338,124.968,123.807,124.837,47.09999093040824,390
2017-09-22,124.498,125.408,124.337,124.448,42.69998504844261,390
2017-09-25,123.998,124.717,123.637,124.358,49.47844205319416,390
2017-09-26,124.628,125.057,124.307,124.548,42.31819310731953,390
2017-09-27,124.868,125.188,124.318,124.508,47.60915204833145,390
2017-09-28,123.888,125.268,123.598,125.258,41.129041964770295,390
2017-09-29,125.047,125.478,124.497,124.668,34.22450002816913,390
2017-10-02,124.297,124.787,123.938,124.737,40.64698806303204,390
2017-10-03,124.668,125.498,124.317,125.518,29.832419956750527,390
2017-10-04,125.587,127.058,125.587,126.688,32.28091205126839,390
2017-10-05,126.787,126.797,126.008,126.357,31.40140895434888,390
2017-10-06,126.108,126.928,125.997,126.958,27.00288996612653,390
2017-10-09,126.547,126.837,125.907,126.878,33.06237894138758,390
2017-10-10,127.497,128.268,127.258,128.178,48.307942072395235,390
2017-10-11,128.097,128.758,127.617,128.578,33.95342301405617,390
2017-10-12,128.348,130.077,128.348,130.078,38.17430296722159,390
2017-10-13,130.498,130.918,129.198,130.728,40.2750050908071,390
2017-10-16,131.437,132.048,130.927,131.558,39.785153991222614,390
2017-10-17,130.998,131.118,130.307,130.527,45.62017609854229,390
2017-10-18,130.447,131.598,130.447,131.288,38.99380507224123,390
2017-10-19,130.898,131.608,129.378,131.578,37.16259602364153,390
2017-10-20,131.308,131.747,130.477,131.308,41.52362799469847,390
2017-10-23,131.898,132.138,131.138,131.598,44.07421896874439,390
2017-10-24,140.058,139.717,136.627,138.137,74.32895292434841,390
2017-10-25,136.867,137.727,134.787,136.868,70.56400398537517,390
2017-10-26,136.538,138.187,136.528,137.028,56.667765078134835,390
2017-10-27,136.877,138.328,136.848,137.837,50.19862779520918,390
2017-10-30,137.05,137.74,136.47,136.59,44.16710299346596,390
2017-10-31,136.47,136.48,135.08,135.75,38.33447104183142,390
2017-11-01,135.65,137.25,135.65,136.28,45.30169713680516,390
2017-11-02,136.3,136.91,135.687,136.458,45.08797601767583,390
2017-11-03,136.447,136.928,136.357,136.618,39.84603500564117,390
2017-11-06,136.768,138.407,136.768,137.748,35.80142791115213,390
2017-11-07,137.717,138.877,136.647,138.838,44.7542389848968,390
2017-11-08,138.308,138.617,137.168,137.328,30.825089035439305,390
2017-11-09,136.108,136.638,134.637,135.458,56.75140402512625,390
2017-11-10,134.998,136.857,134.997,136.648,39.86691198160406,390
2017-11-13,135.497,136.508,134.857,136.528,37.77503697646898,390
2017-11-14,137.687,137.988,136.457,137.567,53.56292998068966,390
2017-11-15,136.388,136.248,133.797,134.157,52.07079108513426,390
2017-11-16,135.117,137.387,135.117,136.357,48.06443799484987,390
2017-11-17,135.588,136.308,134.998,136.198,45.08571695245337,390
2017-11-20,136.248,137.788,136.198,136.937,40.98952693573665,390
2017-11-21,137.687,137.898,137.148,137.647,33.008254968503024,390
2017-11-22,138.118,138.168,137.187,138.238,37.326735882263165,390
2017-11-24,138.057,138.377,137.337,137.388,20.268055973923765,390
2017-11-27,137.398,138.248,136.868,137.327,36.767422060947865,390
2017-11-28,137.237,138.968,137.237,138.968,47.946469015441835,390
2017-11-29,138.917,139.097,137.197,138.058,60.32162890047766,390
2017-11-30,138.117,141.267,137.098,141.198,55.48955599986948,390
2017-12-01,141.148,142.267,138.358,141.567,70.73609397932887,390
2017-12-04,144.257,145.107,141.428,141.578,58.45572893600911,390
2017-12-05,141.747,142.047,139.708,140.237,53.57192213460803,390
2017-12-06,140.008,141.087,139.447,140.458,52.469581905170344,390
2017-12-07,139.057,142.988,139.057,142.907,49.66818290972151,390
2017-12-08,143.698,144.008,142.907,143.848,39.08896810753504,390
2017-12-11,144.497,144.517,143.457,143.807,34.71969503641594,390
2017-12-12,143.608,144.768,143.197,143.428,39.70953205836122,390
2017-12-13,144.057,148.967,144.057,148.618,57.62788389623165,390
2017-12-14,148.497,148.827,145.867,146.308,48.97638405341422,390
2017-12-15,147.197,147.668,146.507,146.808,45.74465390123078,390
2017-12-18,147.788,149.768,146.797,149.758,50.7091049910523,390
2017-12-19,149.747,151.048,148.527,151.018,41.384893030743115,390
2017-12-20,151.608,152.568,150.627,152.508,39.09339412575355,390
2017-12-21,152.597,154.997,151.787,154.758,44.44029299393878,390
2017-12-22,154.637,155.788,153.897,155.768,36.32630392504507,390
2017-12-26,156.008,156.898,155.648,156.488,27.25494605739823,390
2017-12-27,156.747,157.638,156.307,157.518,27.772355069726473,390
2017-12-28,157.877,158.598,157.218,158.598,43.58323698188178,390
2017-12-29,157.967,158.458,157.497,157.747,41.243979083083104,390
