date,open,high,low,close,volume
2022-01-03,60.56100082,60.99900055,59.05599976,59.73699951,30675000
2022-01-04,59.99100113,60.04100037,58.15999985,59.11500168,43931000
2022-01-05,59.20000076,59.28400040,56.68799973,56.75199890,41487000
2022-01-06,55.43399811,56.33599854,54.20100021,55.32899857,57118000
2022-01-07,54.94599915,55.34299850,53.82199860,54.10599899,33829000
2022-01-10,53.84899902,54.36899948,52.63199997,53.98500061,44861000
2022-01-11,53.69900131,54.39099884,53.00699997,54.08399963,30778000
2022-01-12,54.42699814,54.42699814,53.20199966,53.72200012,37874000
2022-01-13,53.70600128,54.07899857,51.82600021,51.91999817,44751000
2022-01-14,51.75999832,53.83700180,51.18799973,52.56900024,78611000
2022-01-18,52.00799942,52.17499924,50.86800003,51.08000183,48391000
2022-01-19,51.50000000,52.32099915,51.05099869,51.58599854,43535000
2022-01-20,51.77500153,52.66400146,50.69300079,50.82500076,126590000
2022-01-21,40.04299927,40.91500092,37.99900055,39.75000000,589043000
2022-01-24,38.39099884,38.72600174,35.14599991,38.71500015,323460000
2022-01-25,37.91400146,38.77099991,36.51300049,36.64199829,151458000
2022-01-26,37.82699966,38.26599884,35.66199875,35.97000122,126840000
2022-01-27,38.20600128,39.47999954,37.81000137,38.66999817,243247000
2022-01-28,38.67599869,38.70000076,37.20800018,38.43600082,119666000
2022-01-31,40.19699860,42.77000046,39.81999969,42.71400070,200475000
2022-02-01,43.29600143,45.84799957,42.55400085,45.71300125,225681000
2022-02-02,44.82500076,45.19800186,42.64799881,42.94800186,143460000
2022-02-03,42.14400101,42.92599869,40.42800140,40.56000137,99052000
2022-02-04,40.73099899,41.27700043,39.66400146,41.01699829,77898000
2022-02-07,41.01699829,41.23500061,39.35499954,40.20999908,82329000
2022-02-08,39.81800079,40.66099930,39.58300018,40.35300064,68185000
2022-02-09,40.86500168,41.29800034,39.87900162,41.28900146,77382000
2022-02-10,40.20999908,40.79999924,39.63600159,40.62699890,84529000
2022-02-11,40.53300095,41.16099930,38.76499939,39.13100052,75589000
2022-02-14,38.75899887,40.93600082,38.68899918,39.65700150,72022000
2022-02-15,40.37900162,40.91600037,40.10100174,40.74599838,53923000
2022-02-16,40.15299988,40.15599823,39.03799820,39.80799866,52777000
2022-02-17,39.42399979,39.91099930,38.56999969,38.66699982,46692000
2022-02-18,39.25299835,40.28699875,38.90499878,39.12900162,68017000
2022-02-22,38.89500046,39.24200058,37.30199814,37.73799896,66975000
2022-02-23,38.27199936,38.59999847,36.66600037,36.74599838,46143000
2022-02-24,35.50899887,39.07300186,35.47200012,39.00299835,70687000
2022-02-25,38.66099930,39.12900162,37.55799866,39.08000183,48416000
2022-02-28,38.73300171,39.77500153,38.21300125,39.45199966,50350000
2022-03-01,39.15999985,39.50000000,38.37099838,38.62400055,32904000
2022-03-02,38.89300156,38.92200089,37.52099991,38.00299835,53568000
2022-03-03,38.59999847,38.61199951,36.46500015,36.80699921,60768000
2022-03-04,36.79999924,37.48199844,35.71699905,36.17300034,53255000
2022-03-07,36.04100037,36.20000076,35.02000046,35.02600098,57084000
2022-03-08,34.97999954,35.88600159,34.06700134,34.17599869,64287000
2022-03-09,35.76900101,36.41400146,35.05099869,35.87900162,65202000
2022-03-10,35.61999893,36.70199966,35.33000183,35.67699814,48078000
2022-03-11,36.11899948,36.33599854,34.00000000,34.03200150,48199000
2022-03-14,33.87200165,34.13199997,32.98199844,33.10100174,59078000
2022-03-15,33.50999832,34.53599930,33.23600006,34.37500000,54606000
2022-03-16,34.81999969,35.99900055,34.30599976,35.75299835,69825000
2022-03-17,35.97000122,37.33100128,35.48799896,37.13999939,58183000
2022-03-18,37.20000076,38.18000031,36.84700012,38.06000137,83248000
2022-03-21,37.80199814,38.18199921,36.89400101,37.45899963,48665000
2022-03-22,37.11399841,38.66600037,36.67599869,38.29199982,42428000
2022-03-23,37.97700119,38.24599838,37.44900131,37.44900131,37290000
2022-03-24,37.97600174,37.97600174,36.88999939,37.57099915,38885000
2022-03-25,37.70700073,37.76399994,36.64300156,37.38499832,35745000
2022-03-28,37.52299881,38.02799988,36.67300034,37.85100174,43234000
2022-03-29,38.43899918,39.65000153,38.03300095,39.18199921,58807000
2022-03-30,38.95500183,39.27000046,37.86299896,38.14699936,40233000
2022-03-31,38.35900116,38.40000153,37.36100006,37.45899963,41347000
2022-04-01,37.68000031,38.08700180,36.84999847,37.34700012,46442000
2022-04-04,37.35499954,39.60200119,37.31299973,39.15000153,70018000
2022-04-05,38.93000031,39.00000000,37.73099899,38.01499939,42345000
2022-04-06,37.41500092,37.64699936,36.27299881,36.83499908,43549000
2022-04-07,36.50000000,36.85400009,35.36899948,36.21500015,49489000
2022-04-08,36.19599915,36.25000000,35.48699951,35.58800125,40252000
2022-04-11,35.00000000,35.47800064,34.52000046,34.79999924,37771000
2022-04-12,35.59099960,35.94100189,34.22499847,34.40999985,38243000
2022-04-13,34.39199829,35.20000076,34.11600113,35.04299927,32310000
2022-04-14,35.09500122,35.20000076,33.98600006,34.11299896,43438000
2022-04-18,34.00000000,34.23600006,33.16199875,33.78599930,51050000
2022-04-19,33.32199860,35.16799927,33.32199860,34.86100006,209069000
2022-04-20,24.52000046,24.87000084,21.25099945,22.61899948,1333875000
2022-04-21,22.00000000,22.76799965,21.15200043,21.82200050,535016000
2022-04-22,22.01799965,22.62700081,21.00499916,21.55200005,375151000
2022-04-25,21.38100052,21.66600037,20.45100021,20.99099922,281520000
2022-04-26,20.87999916,20.91500092,19.82799911,19.84000015,203181000
2022-04-27,19.40099907,20.01899910,18.77700043,18.85400009,222984000
2022-04-28,19.15600014,20.14800072,18.55999947,19.95199966,213632000
2022-04-29,19.86800003,20.47100067,19.00000000,19.03599930,163919000
2022-05-02,19.17099953,20.02099991,19.00099945,19.94599915,145916000
2022-05-03,19.82900047,20.31999969,19.47699928,19.98699951,118394000
2022-05-04,19.76499939,20.43799973,19.10099983,20.40099907,122188000
2022-05-05,20.04500008,20.07099915,18.60000038,18.83200073,139713000
2022-05-06,18.67499924,18.72100067,17.58099937,18.09700012,171855000
2022-05-09,17.76600075,18.31999969,17.22999954,17.30999947,140313000
2022-05-10,17.60099983,18.18700027,17.05699921,17.76600075,138839000
2022-05-11,17.60899925,18.09199905,16.55500031,16.63699913,126655000
2022-05-12,16.39599991,17.75799942,16.27099991,17.43099976,176621000
2022-05-13,17.71599960,18.77700043,17.60099983,18.76399994,131363000
2022-05-16,19.32999992,19.58900070,18.56999969,18.65099907,161450000
2022-05-17,18.91699982,19.13999939,18.51700020,19.05599976,98767000
2022-05-18,18.67200089,18.77000046,17.62700081,17.71899986,96656000
2022-05-19,17.80500031,18.62999916,17.57099915,18.34799957,104485000
2022-05-20,18.58699989,19.01899910,17.97699928,18.63500023,104294000
2022-05-23,18.61499977,18.76600075,17.78899956,18.74399948,96020000
2022-05-24,18.20000076,18.39999962,17.71699905,18.03400040,77064000
2022-05-25,18.02799988,18.88699913,18.01700020,18.78300095,85221000
2022-05-26,18.64900017,19.23399925,18.30900002,19.13999939,80499000
2022-05-27,19.31900024,19.52499962,19.03700066,19.51899910,85860000
2022-05-31,19.61800003,19.99500084,19.07999992,19.74399948,113985000
2022-06-01,19.87000084,20.27400017,19.16600037,19.29100037,84162000
2022-06-02,19.20199966,20.54700089,19.17200089,20.50900078,96231000
2022-06-03,20.01399994,20.29500008,19.80500031,19.89800072,71918000
2022-06-06,20.20899963,20.38699913,19.53800011,19.71400070,53720000
2022-06-07,19.48699951,19.95999908,19.29999924,19.86100006,48395000
2022-06-08,19.79500008,20.73800087,19.76399994,20.28300095,72441000
2022-06-09,20.06500053,20.16900063,19.25399971,19.27700043,69490000
2022-06-10,18.26399994,18.58600044,18.08499908,18.29400063,130656000
2022-06-13,17.70700073,17.90900040,16.89599991,16.96899986,102224000
2022-06-14,16.97500038,17.20599937,16.42799950,16.75399971,115553000
2022-06-15,16.92600060,18.38500023,16.85300064,18.01099968,123960000
2022-06-16,17.39999962,17.62700081,17.15600014,17.33499908,82013000
2022-06-17,17.36300087,17.96500015,17.33399963,17.55100060,121334000
2022-06-21,17.76000023,17.86199951,16.97999954,17.09099960,121776000
2022-06-22,17.07500076,18.28199959,17.02000046,17.88899994,119924000
2022-06-23,18.04999924,18.27599907,17.58699989,18.17099953,95382000
2022-06-24,18.35000038,19.11899948,18.18400002,19.08499908,124240000
2022-06-27,19.17700005,19.17799950,18.23900032,18.91399956,83639000
2022-06-28,18.92000008,19.21999931,17.93700027,17.95999908,71854000
2022-06-29,17.95499992,18.06699944,17.51000023,17.83600044,57668000
2022-06-30,17.70700073,17.94499969,17.03000069,17.48699951,78947000
2022-07-01,17.64900017,18.01000023,17.42700005,17.99500084,52016000
2022-07-05,17.62800026,18.59199905,17.26799965,18.58799934,73343000
2022-07-06,18.52000046,18.62199974,18.08200073,18.40600014,57534000
2022-07-07,18.42700005,19.02099991,18.35000038,18.92700005,63345000
2022-07-08,18.60199928,18.99099922,18.27499962,18.69799995,58357000
2022-07-11,18.47299957,18.49900055,17.68899918,17.73399925,60388000
2022-07-12,17.73299980,17.97800064,17.34199905,17.44499969,68453000
2022-07-13,17.04999924,17.91799927,16.96999931,17.65600014,127344000
2022-07-14,17.55599976,17.75200081,17.18199921,17.47800064,90395000
2022-07-15,17.55800056,18.92200089,17.45599937,18.91099930,163191000
2022-07-18,19.25000000,19.96699905,18.97999954,19.09199905,163228000
2022-07-19,19.30200005,20.19700050,18.84000015,20.16300011,281787000
2022-07-20,20.81699944,21.69700050,20.01000023,21.64399910,539203000
2022-07-21,21.43000031,22.43199921,21.14999962,22.38800049,234301000
2022-07-22,22.23800087,22.93499947,21.84399986,22.04400063,178055000
2022-07-25,22.13100052,22.52300072,21.63500023,21.85099983,109352000
2022-07-26,21.66600037,21.93899918,21.16399956,21.39100075,95085000
2022-07-27,21.64800072,22.77799988,21.45800018,22.67499924,105084000
2022-07-28,22.45999908,22.80999947,21.96699905,22.60199928,89727000
2022-07-29,22.32900047,23.07500076,22.23999977,22.48999977,90649000
2022-08-01,22.30999947,22.83900070,22.10000038,22.62100029,55250000
2022-08-02,22.27599907,22.81999969,22.08799934,22.14200020,63613000
2022-08-03,22.47900009,22.80999947,22.24200058,22.67300034,64007000
2022-08-04,22.76799965,23.20700073,22.50499916,22.99099922,71427000
2022-08-05,22.53000069,22.86199951,22.28700066,22.67799950,55397000
2022-08-08,22.74900055,24.19599915,22.64100075,23.34900093,109821000
2022-08-09,23.16200066,23.21999931,22.46500015,22.99399948,61812000
2022-08-10,23.69899940,24.45400047,23.65999985,24.41099930,92548000
2022-08-11,24.46800041,25.16200066,24.15099907,24.27000046,87801000
2022-08-12,24.48100090,24.94099998,24.37599945,24.93000031,60985000
2022-08-15,24.81100082,25.19899940,24.75099945,24.91099930,65274000
2022-08-16,24.71599960,24.92900085,24.40299988,24.56900024,51368000
2022-08-17,24.11800003,24.42399979,23.75600052,24.11499977,56272000
2022-08-18,24.19599915,24.64800072,23.92799950,24.51700020,52804000
2022-08-19,24.09499931,24.32900047,23.56800079,24.11599922,75047000
2022-08-22,23.25499916,23.34799957,22.45899963,22.65399933,86301000
2022-08-23,22.64599991,22.98999977,22.43000031,22.45499992,52769000
2022-08-24,22.56599998,23.40999985,22.39399910,22.96100044,54263000
2022-08-25,23.02400017,23.41600037,22.89999962,23.39800072,37669000
2022-08-26,23.36300087,23.69499969,22.31500053,22.32799911,53498000
2022-08-29,22.19300079,22.98699951,22.15200043,22.45700073,71094000
2022-08-30,22.66600037,22.97900009,21.87400055,22.06500053,57404000
2022-08-31,22.70000076,23.38800049,22.34300041,22.35600090,86159000
2022-09-01,22.07200050,23.03700066,21.94700050,23.00399971,72929000
2022-09-02,23.10300064,23.38800049,22.50399971,22.61100006,81649000
2022-09-06,22.55900002,22.68499947,21.46899986,21.83900070,74690000
2022-09-07,22.02099991,22.93300056,21.82699966,22.89599991,81493000
2022-09-08,22.41600037,22.87400055,22.12999916,22.74399948,67374000
2022-09-09,22.96199989,23.47800064,22.96199989,23.35700035,66996000
2022-09-12,23.36100006,23.94899940,23.33699989,23.65299988,60474000
2022-09-13,22.64999962,22.76899910,21.77199936,21.81299973,80001000
2022-09-14,21.98200035,22.79999924,21.57999992,22.41200066,82303000
2022-09-15,23.04700089,24.22900009,22.90999985,23.53800011,194541000
2022-09-16,23.12199974,24.13599968,22.78300095,24.01300049,189142000
2022-09-19,24.50499916,24.52499962,23.57500076,24.36300087,179124000
2022-09-20,24.03700066,25.04899979,23.96599960,24.28499985,160374000
2022-09-21,24.26700020,24.82999992,23.66799927,23.68700027,91668000
2022-09-22,23.53499985,24.04999924,23.16600037,23.70499992,100180000
2022-09-23,23.51399994,23.64500046,22.14299965,22.64100075,112072000
2022-09-26,22.55999947,23.27000046,22.30100060,22.40699959,82343000
2022-09-27,22.86300087,23.06399918,22.07200050,22.43600082,77622000
2022-09-28,22.96899986,24.66500092,22.73800087,24.52000046,175797000
2022-09-29,24.16099930,24.69799995,23.56800079,23.97100067,189949000
2022-09-30,23.70000076,24.24399948,23.32600021,23.54400063,118486000
2022-10-03,23.78499985,24.15399933,23.28499985,23.90399933,86574000
2022-10-04,24.48399925,24.57999992,23.32500076,24.07399940,139259000
2022-10-05,23.87599945,24.15900040,22.73800087,23.67300034,108256000
2022-10-06,23.66799927,24.42799950,23.39100075,24.00200081,91889000
2022-10-07,23.57699966,23.73299980,22.42799950,22.47500038,98061000
2022-10-10,22.56399918,23.38299942,22.42300034,22.99799919,99911000
2022-10-11,22.60499954,23.04400063,21.37000084,21.42900085,152824000
2022-10-12,21.43000031,22.36700058,21.26399994,22.08699989,129526000
2022-10-13,21.26899910,23.44700050,21.17300034,23.25099945,175050000
2022-10-14,23.78000069,23.87999916,22.95100021,23.00000000,152934000
2022-10-17,23.44099998,24.99200058,23.44000053,24.51000023,210578000
2022-10-18,24.97999954,25.03700066,23.77300072,24.08600044,257767000
2022-10-19,26.50000000,27.93000031,26.26600075,27.23800087,466853000
2022-10-20,27.27799988,27.83799934,26.63800049,26.81599998,172071000
2022-10-21,26.89500046,29.07500076,26.56800079,28.95700073,248891000
2022-10-24,29.02300072,29.04899979,28.03599930,28.24500084,133264000
2022-10-25,28.69499969,29.75900078,28.55500031,29.10199928,151007000
2022-10-26,29.00399971,30.56299973,28.80400085,29.86199951,157141000
2022-10-27,29.83300018,30.52099991,29.47800064,29.69400024,146126000
2022-10-28,29.77000046,30.11899948,29.22900009,29.57200050,99605000
2022-10-31,29.51300049,29.76199913,28.95000076,29.18799973,75051000
2022-11-01,29.61700058,29.96999931,28.64200020,28.67499924,69164000
2022-11-02,28.63999939,28.73299980,27.28400040,27.29999924,103676000
2022-11-03,27.12500000,27.62899971,26.87999916,26.90600014,70574000
2022-11-04,27.20199966,27.49699974,25.53199959,26.07900047,111247000
2022-11-07,26.10600090,26.11499977,25.20899963,25.86000061,79270000
2022-11-08,25.99200058,26.60799980,25.68799973,26.34600067,76838000
2022-11-09,25.96599960,26.09000015,25.42200089,25.46599960,72660000
2022-11-10,26.59900093,27.53599930,26.00900078,27.49699974,96673000
2022-11-11,27.44700050,29.06599998,27.15600014,29.01300049,95738000
2022-11-14,29.00000000,31.10000038,28.81900024,29.92700005,179782000
2022-11-15,30.92000008,31.27099991,30.25499916,31.02000046,146269000
2022-11-16,30.99399948,31.04899979,30.36100006,30.60199928,80386000
2022-11-17,29.47200012,29.98200035,29.10000038,29.52799988,98382000
2022-11-18,29.73299980,29.79999924,28.70000076,28.79800034,84001000
2022-11-21,29.10000038,29.18700027,28.26600075,28.50499916,72565000
2022-11-22,28.49900055,28.69799995,27.73399925,28.66900063,62451000
2022-11-23,28.59099960,29.24699974,28.37599945,29.14999962,59190000
2022-11-25,28.89999962,28.92099953,28.41699982,28.55400085,32360000
2022-11-28,28.39999962,28.95499992,28.05299950,28.11700058,47034000
2022-11-29,28.25000000,28.29599953,27.59399986,28.09600067,57869000
2022-11-30,28.13699913,30.82600021,28.04100037,30.55299950,160701000
2022-12-01,30.39900017,31.97999954,30.30299950,31.69499969,146649000
2022-12-02,31.04899979,32.19900131,31.00000000,32.04100037,126906000
2022-12-05,31.64599991,32.27700043,31.09199905,31.25900078,84230000
2022-12-06,31.10000038,31.32200050,30.31299973,30.55599976,71954000
2022-12-07,30.64999962,30.96100044,30.20999908,30.84199905,78216000
2022-12-08,30.91099930,31.23800087,30.48100090,31.02599907,72053000
2022-12-09,32.14500046,32.90000153,31.95199966,32.00099945,143640000
2022-12-12,32.00000000,32.31800079,30.88500023,31.51799965,101486000
2022-12-13,32.79999924,33.27199936,31.71999931,32.03400040,107564000
2022-12-14,31.89699936,32.47100067,31.44199944,31.78300095,75433000
2022-12-15,30.21199989,30.33900070,28.65500069,29.04100037,177246000
2022-12-16,28.87599945,29.47200012,28.87000084,29.07099915,140800000
2022-12-19,28.97299957,29.22500038,28.61300087,28.82999992,61637000
2022-12-20,28.12400055,28.92799950,28.08099937,28.81900024,69181000
2022-12-21,28.99900055,30.06599998,28.64999962,29.79599953,63762000
2022-12-22,29.80900002,29.88800049,29.08099937,29.77499962,78562000
2022-12-23,29.61800003,29.84600067,29.19099998,29.49600029,42511000
2022-12-27,29.31900024,29.35700035,28.21299934,28.41699982,57781000
2022-12-28,28.19199944,28.51899910,27.34099960,27.68799973,59644000
2022-12-29,28.31800079,29.54999924,28.10099983,29.11199951,95885000
2022-12-30,28.55299950,29.50099945,28.32200050,29.48800087,75669000
2023-01-03,29.80599976,29.83900070,28.87000084,29.49500084,67640000
2023-01-04,29.82399940,31.11400032,29.55100060,30.94099998,93451000
2023-01-05,30.70000076,31.41799927,30.45499992,30.96999931,83284000
2023-01-06,31.15699959,31.67700005,30.36899948,31.55500031,89598000
2023-01-09,31.68300056,32.16999817,31.32200050,31.51700020,67666000
2023-01-10,31.10700035,32.93500137,31.10700035,32.75400162,130723000
2023-01-11,32.65000153,32.88800049,32.13499832,32.72600174,95797000
2023-01-12,33.25000000,33.29499817,32.31399918,33.01300049,108562000
2023-01-13,32.99700165,33.66500092,32.88899994,33.28200150,82868000
2023-01-17,33.10800171,33.25000000,32.36000061,32.62200165,92470000
2023-01-18,32.67499924,33.00799942,32.12500000,32.63299942,78141000
2023-01-19,32.25699997,32.48899841,31.33900070,31.57799911,180082000
2023-01-20,33.67900085,34.40000153,33.26300049,34.25000000,284303000
2023-01-23,34.17200089,36.22499847,34.06299973,35.74200058,156469000
2023-01-24,35.75299835,36.56499863,35.51399994,36.38299942,117965000
2023-01-25,36.05699921,36.88999939,35.84999847,36.79600143,77669000
2023-01-26,36.87699890,36.90200043,36.16999817,36.48699951,82568000
2023-01-27,36.31999969,36.59199905,36.05899811,36.07699966,67035000
2023-01-30,35.84400177,36.09500122,35.28599930,35.31100082,51276000
2023-01-31,34.99800110,35.59500122,34.87099838,35.38600159,56607000
2023-02-01,35.38600159,36.53900146,34.99100113,36.19900131,80052000
2023-02-02,36.51599884,36.83200073,35.84299850,36.68899918,78570000
2023-02-03,35.90800095,37.94300079,35.90000153,36.59000015,94020000
2023-02-06,36.36399841,36.84500122,36.06800079,36.14799881,49949000
2023-02-07,35.85100174,36.41799927,35.41799927,36.29499817,62894000
2023-02-08,36.00199890,36.81900024,35.83100128,36.68299866,62532000
2023-02-09,37.24100113,37.38299942,36.17399979,36.25000000,69011000
2023-02-10,35.91600037,36.21400070,34.71400070,34.73600006,72911000
2023-02-13,34.95000076,35.97000122,34.42499924,35.85699844,71344000
2023-02-14,35.75500107,36.37500000,35.34000015,35.99599838,46248000
2023-02-15,35.66299820,36.28799820,35.42399979,36.14199829,39660000
2023-02-16,35.50000000,36.15000153,35.03099823,35.07099915,52157000
2023-02-17,34.79100037,34.90000153,34.24399948,34.79600143,52947000
2023-02-21,34.28499985,34.41299820,33.64199829,33.75000000,57103000
2023-02-22,33.75000000,34.19100189,33.28200150,33.48799896,45462000
2023-02-23,33.12300110,33.12799835,31.43000031,32.36500168,132387000
2023-02-24,31.93000031,32.15000153,31.45199966,31.71500015,68307000
2023-02-27,32.38700104,33.00000000,32.21200180,32.30300140,61426000
2023-02-28,32.36999893,32.76200104,32.11700058,32.21300125,36761000
2023-03-01,32.15499878,32.65999985,31.23600006,31.34799957,49113000
2023-03-02,31.09600067,31.55699921,31.03800011,31.18799973,49110000
2023-03-03,31.54500008,31.74900055,31.08200073,31.51799965,59533000
2023-03-06,31.70000076,32.33000183,31.18400002,31.20299911,56607000
2023-03-07,31.26799965,31.43000031,30.66200066,30.84700012,45531000
2023-03-08,30.92900085,31.18300056,30.57500076,31.17900085,34795000
2023-03-09,31.20800018,31.25099945,29.48800087,29.77799988,74434000
2023-03-10,29.79000092,29.87899971,28.89999962,29.27599907,57593000
2023-03-13,28.73399925,29.92399979,28.53300095,29.35099983,62924000
2023-03-14,29.59700012,29.74500084,29.03100014,29.49399948,59567000
2023-03-15,29.25099945,30.63100052,29.22800064,30.37899971,92153000
2023-03-16,30.47500038,31.65999985,30.17099953,31.00600052,79037000
2023-03-17,31.00600052,31.07600021,30.00000000,30.35000038,69188000
2023-03-20,29.97900009,30.75000000,29.60000038,30.51300049,51134000
2023-03-21,30.63199997,30.79199982,30.04299927,30.57900047,48863000
2023-03-22,30.63100052,30.64500046,29.35400009,29.38999939,58080000
2023-03-23,30.46800041,32.27799988,30.41399956,32.03699875,156533000
2023-03-24,32.06299973,33.18299866,32.06299973,32.83900070,129917000
2023-03-27,32.75500107,33.64400101,32.44100189,32.76599884,86258000
2023-03-28,32.60599899,33.33200073,32.12799835,32.35200119,64894000
2023-03-29,32.62900162,33.28499985,32.57300186,33.20299911,62873000
2023-03-30,34.02700043,34.32899857,33.52999878,33.84299850,71315000
2023-03-31,34.00500107,34.58399963,33.72000122,34.54800034,56102000
2023-04-03,34.18299866,34.85800171,34.04000092,34.82799911,44137000
2023-04-04,34.84899902,34.97999954,34.39500046,34.67499924,32981000
2023-04-05,34.52999878,34.54299927,33.62500000,34.23500061,42055000
2023-04-06,33.93399811,34.04800034,33.26300049,33.93299866,46605000
2023-04-10,33.52700043,33.98799896,33.33599854,33.89899826,26579000
2023-04-11,34.34500122,34.71400070,33.76399994,33.82099915,40448000
2023-04-12,34.08100128,34.27999878,33.00400162,33.10300064,39654000
2023-04-13,33.99900055,34.64300156,33.87500000,34.61899948,74064000
2023-04-14,34.29399872,34.48500061,33.64099884,33.86299896,53505000
2023-04-17,33.79999924,33.83900070,32.75000000,33.27199936,61360000
2023-04-18,33.50000000,33.71900177,33.04999924,33.36999893,179445000
2023-04-19,32.42100143,32.57500076,31.61000061,32.31200027,221283000
2023-04-20,32.03900146,33.14300156,31.83300018,32.53499985,99478000
2023-04-21,32.29999924,32.82899857,31.95000076,32.79800034,63480000
2023-04-24,33.02000046,33.46599960,32.67499924,32.90200043,55866000
2023-04-25,32.84999847,32.86600113,32.11000061,32.25500107,54266000
2023-04-26,32.13600159,32.59000015,32.04700089,32.11500168,46232000
2023-04-27,32.43000031,32.74499893,31.74399948,32.58499908,56188000
2023-04-28,32.52399826,33.08100128,32.40000153,32.99300003,42284000
2023-05-01,32.94400024,33.12300110,31.80900002,32.41199875,53415000
2023-05-02,32.50000000,32.60699844,31.56200027,31.75499916,43186000
2023-05-03,31.75499916,32.46200180,31.58499908,31.93000031,50641000
2023-05-04,31.90099907,32.36100006,31.79500008,32.07799911,38797000
2023-05-05,32.36100006,32.41500092,31.94400024,32.27600098,39906000
2023-05-08,32.29899979,33.25600052,32.20299911,33.12099838,54886000
2023-05-09,33.06700134,33.63199997,32.97399902,33.21400070,55449000
2023-05-10,33.52099991,33.71099854,32.95100021,33.54199982,42899000
2023-05-11,33.49800110,34.54700089,33.18399811,34.47600174,80335000
2023-05-12,34.47600174,34.81700134,33.73600006,33.98899841,60824000
2023-05-15,34.06200027,34.18999863,33.55400085,33.58900070,36530000
2023-05-16,33.40000153,33.51699829,33.19100189,33.37500000,33322000
2023-05-17,33.17599869,34.13800049,32.96200180,33.99599838,39588000
2023-05-18,34.72499847,37.58700180,34.63700104,37.12900162,209252000
2023-05-19,36.98600006,36.99900055,36.38100052,36.53599930,78597000
2023-05-22,36.53599930,37.20100021,36.25000000,36.30099869,54064000
2023-05-23,36.02399826,36.41699982,35.43099976,35.59899902,68661000
2023-05-24,35.69300079,36.71500015,35.66299820,36.48500061,79733000
2023-05-25,35.96099854,36.74499893,35.74200058,35.90000153,62631000
2023-05-26,36.11000061,38.37599945,35.59999847,37.88800049,93604000
2023-05-30,39.74800110,40.51100159,38.57899857,39.29800034,108650000
2023-05-31,39.18899918,39.62599945,38.89099884,39.52299881,69880000
2023-06-01,39.74100113,40.75199890,39.30799866,40.31299973,71601000
2023-06-02,40.28900146,40.65800095,39.59000015,40.04700089,59024000
2023-06-05,40.04700089,41.38600159,40.01499939,40.35400009,72474000
2023-06-06,40.50000000,40.51200104,39.69300079,39.92900085,49915000
2023-06-07,41.04299927,41.89500046,39.92300034,39.97700119,119324000
2023-06-08,39.97700119,40.95399857,39.63399887,40.93700027,59911000
2023-06-09,42.45000076,42.59000015,41.47600174,42.00199890,123630000
2023-06-12,41.88299942,42.47000122,41.65700150,42.39699936,59595000
2023-06-13,43.00099945,43.72700119,42.84000015,43.57300186,78205000
2023-06-14,43.49900055,44.73300171,43.34999847,44.08599854,84131000
2023-06-15,44.40999985,44.86500168,43.95000076,44.52700043,70999000
2023-06-16,44.61500168,44.75099945,43.09000015,43.19599915,87537000
2023-06-20,43.01800156,44.00000000,43.00000000,43.47000122,47560000
2023-06-21,43.26499939,43.45500183,42.25400162,42.44499969,51464000
2023-06-22,42.29299927,42.47100067,41.86800003,42.24800110,48695000
2023-06-23,41.85900116,42.58200073,41.77299881,42.40200043,82986000
2023-06-26,42.24399948,43.09600067,41.49000168,41.59400177,46400000
2023-06-27,41.73899841,42.08800125,41.15000153,41.70800018,48181000
2023-06-28,42.31000137,43.72900009,42.28900146,42.98400116,88113000
2023-06-29,43.43299866,43.78499985,42.61500168,42.82400131,49323000
2023-06-30,43.11000061,44.41199875,43.11000061,44.04899979,73464000
2023-07-03,43.97600174,44.15499878,43.16199875,44.14400101,37332000
2023-07-05,44.49100113,45.09700012,43.96200180,44.59000015,68695000
2023-07-06,44.00000000,44.27999878,43.07199860,43.88399887,49388000
2023-07-07,43.86000061,44.23300171,43.58399963,43.81000137,41651000
2023-07-10,43.85200119,44.44100189,43.68199921,44.17100143,42517000
2023-07-11,43.86500168,44.08000183,43.10400009,44.02099991,45692000
2023-07-12,44.45500183,44.54100037,43.77500153,44.40499878,57317000
2023-07-13,44.70000076,45.16699982,44.11800003,45.03799820,61575000
2023-07-14,45.27899933,45.64799881,43.97000122,44.19100189,71959000
2023-07-17,44.55699921,45.66799927,44.51100159,45.00500107,68917000
2023-07-18,45.09999847,47.81499863,44.87799835,47.47999954,130418000
2023-07-19,47.68600082,48.50000000,47.00000000,47.75899887,209965000
2023-07-20,44.70000076,44.84999847,43.20000076,43.74200058,239897000
2023-07-21,43.73699951,43.82400131,42.31900024,42.75000000,173400000
2023-07-24,42.50000000,42.86399841,41.91899872,42.83700180,82644000
2023-07-25,42.71799850,43.08800125,42.61299896,42.77000046,48598000
2023-07-26,42.41999817,42.52600098,41.55899811,42.26699829,60092000
2023-07-27,42.68999863,42.75199890,41.18799973,41.31700134,65945000
2023-07-28,41.55599976,42.74700165,41.37599945,42.57799911,64242000
2023-07-31,42.65100098,43.91299820,42.63000107,43.89699936,65876000
2023-08-01,43.73699951,44.52500153,43.13999939,43.86199951,57115000
2023-08-02,43.52299881,43.55599976,42.65599823,42.97000122,49122000
2023-08-03,42.77999878,44.19300079,42.71900177,43.09999847,62439000
2023-08-04,43.30599976,43.65000153,42.62699890,43.15999985,54418000
2023-08-07,43.64599991,44.11100006,42.89099884,44.07600021,47813000
2023-08-08,44.03599930,44.35699844,43.50999832,43.83000183,37672000
2023-08-09,43.97399902,44.06200027,42.75899887,42.88999939,38466000
2023-08-10,43.11199951,43.81200027,42.86899948,42.99800110,54676000
2023-08-11,42.89799881,43.06299973,42.13299942,42.16600037,39279000
2023-08-14,42.19900131,42.88499832,41.87799835,42.77799988,39660000
2023-08-15,42.44100189,42.91199875,42.10400009,42.36999893,33680000
2023-08-16,42.37300110,42.45100021,41.52500153,41.54499817,39670000
2023-08-17,41.50000000,41.52399826,40.15800095,40.29999924,60315000
2023-08-18,39.93299866,40.65200043,39.81499863,40.45299911,43122000
2023-08-21,40.22299957,40.96099854,39.95000076,40.82899857,38616000
2023-08-22,40.90000153,41.57400131,40.74000168,41.31700134,35997000
2023-08-23,41.84000015,43.70199966,41.77099991,42.75500107,81747000
2023-08-24,42.54100037,42.75899887,40.61700058,40.69300079,56878000
2023-08-25,41.20000076,41.92499924,40.75600052,41.60300064,53909000
2023-08-28,41.80400085,41.98300171,41.32699966,41.80599976,29286000
2023-08-29,41.59999847,43.21699905,41.45000076,42.99900055,44867000
2023-08-30,43.08499908,43.81600189,42.83499908,43.46699905,36254000
2023-08-31,43.12300110,43.71500015,43.12300110,43.36800003,38030000
2023-09-01,43.77299881,44.54999924,43.59299850,43.98799896,47934000
2023-09-05,43.83900070,45.34500122,43.79999924,44.86800003,61559000
2023-09-06,44.86100006,45.13899994,44.04899979,44.57600021,38623000
2023-09-07,44.11500168,44.45999908,43.66999817,44.31399918,29227000
2023-09-08,44.35599899,44.68099976,43.88499832,44.27999878,26975000
2023-09-11,44.30699921,44.98899841,44.27500153,44.53599930,29138000
2023-09-12,44.28499985,44.54399872,43.41199875,43.46900177,31240000
2023-09-13,43.54999924,43.84000015,41.06900024,41.22399902,118430000
2023-09-14,41.04000092,41.13899994,40.00000000,40.04899979,107090000
2023-09-15,40.09999847,40.47000122,39.50299835,39.69400024,91167000
2023-09-18,39.54999924,39.94699860,39.25999832,39.43999863,47047000
2023-09-19,39.28400040,39.82300186,39.02500153,39.61999893,40768000
2023-09-20,39.70500183,39.79899979,38.61199951,38.63000107,38666000
2023-09-21,38.65000153,39.59000015,38.34199905,38.41500092,55479000
2023-09-22,38.50000000,38.68799973,37.83599854,37.98099899,36928000
2023-09-25,38.29000092,38.66199875,38.08100128,38.47999954,37573000
2023-09-26,38.28799820,38.45600128,37.73600006,37.92499924,40894000
2023-09-27,38.24000168,38.42200089,37.62500000,37.75899887,38435000
2023-09-28,37.56000137,37.89599991,37.11000061,37.63600159,43699000
2023-09-29,38.00000000,38.25799942,37.53499985,37.75999832,42053000
2023-10-02,37.74800110,38.48099899,37.68000031,38.03300095,31021000
2023-10-03,37.71099854,39.49000168,37.28499985,37.67499924,88781000
2023-10-04,37.65000153,38.02199936,37.35800171,37.68999863,43037000
2023-10-05,37.80099869,37.86000061,36.72399902,37.25899887,50348000
2023-10-06,36.84299850,38.25199890,36.77700043,38.15100098,47781000
2023-10-09,37.80500031,38.71699905,37.77600098,38.59500122,32998000
2023-10-10,38.55799866,38.86999893,37.22499847,37.33200073,72889000
2023-10-11,37.27799988,37.78099823,36.53400040,36.59299850,91514000
2023-10-12,36.64799881,36.88299942,35.90499878,36.11999893,73761000
2023-10-13,35.56399918,35.89300156,35.20500183,35.56800079,63126000
2023-10-16,35.62099838,36.30799866,35.47700119,36.08200073,51289000
2023-10-17,36.11000061,36.27000046,35.38899994,35.57199860,59084000
2023-10-18,35.09999847,35.47900009,34.47299957,34.61899948,114296000
2023-10-19,40.47399902,40.89500046,39.22600174,40.17699814,280744000
2023-10-20,40.56299973,41.06399918,39.80099869,40.09600067,127829000
2023-10-23,40.33200073,40.75400162,39.85200119,40.68399811,73900000
2023-10-24,40.96799850,41.66899872,40.83900070,41.37300110,64592000
2023-10-25,41.60200119,41.88399887,41.01100159,41.12500000,62996000
2023-10-26,41.14199829,41.73099899,40.15399933,40.35400009,68497000
2023-10-27,40.64199829,41.02099991,39.56200027,39.78699875,49976000
2023-10-30,40.23500061,41.28200150,39.94100189,41.00799942,53171000
2023-10-31,40.92399979,41.25199890,40.46300125,41.16899872,38776000
2023-11-01,41.47700119,42.06000137,41.41799927,42.01900101,48061000
2023-11-02,42.11700058,42.66899872,41.70999908,42.47100067,44760000
2023-11-03,42.87599945,43.48199844,42.55300140,43.23600006,36671000
2023-11-06,43.43799973,43.50299835,42.96099854,43.47399902,30032000
2023-11-07,43.61800003,43.76399994,43.09999847,43.46099854,32911000
2023-11-08,43.50000000,43.80699921,43.36800003,43.66500092,23568000
2023-11-09,43.80300140,44.03799820,43.43500137,43.51499939,27355000
2023-11-10,43.74800110,44.74800110,43.55099869,44.72399902,44406000
2023-11-13,44.72499847,44.84299850,44.25999832,44.46200180,28961000
2023-11-14,44.87799835,45.40800095,44.56399918,44.86500168,40609000
2023-11-15,45.28099823,46.27500153,45.24499893,46.19400024,50353000
2023-11-16,46.29999924,46.72800064,45.96500015,46.69499969,36560000
2023-11-17,46.69499969,46.76499939,46.27600098,46.59099960,27985000
2023-11-20,46.54000092,47.67599869,46.54000092,47.44699860,36176000
2023-11-21,47.26300049,47.70199966,47.12099838,47.49499893,29977000
2023-11-22,47.68000031,48.27000046,47.65599823,47.79999924,28416000
2023-11-24,47.71099854,48.04000092,47.52000046,47.95600128,14047000
2023-11-27,47.90299988,48.20000076,47.53499985,47.91699982,36259000
2023-11-28,47.81100082,48.04999924,47.59500122,47.90000153,28902000
2023-11-29,47.90000153,48.09899902,47.44900131,47.71900177,28555000
2023-11-30,47.53099823,47.85900116,47.04199982,47.39699936,42873000
2023-12-01,47.31700134,47.52299881,46.45999908,46.57400131,43415000
2023-12-04,46.09899902,46.11999893,45.11999893,45.38999939,51577000
2023-12-05,45.06999969,45.63899994,44.95800018,45.51499939,33807000
2023-12-06,46.00000000,46.04999924,44.57300186,44.67300034,41788000
2023-12-07,45.08499908,45.28900146,44.83200073,45.20000076,35067000
2023-12-08,45.07600021,45.54999924,45.07600021,45.37599945,34584000
2023-12-11,45.93600082,47.06499863,45.72100067,45.98899841,49297000
2023-12-12,46.52299881,46.56100082,45.91999817,46.29999924,33027000
2023-12-13,46.19800186,48.12500000,46.19800186,47.99800110,58202000
2023-12-14,48.03599930,48.07600021,46.47600174,46.98300171,51764000
2023-12-15,46.72999954,47.29999924,46.72999954,47.20600128,78410000
2023-12-18,47.63000107,49.20399857,47.50999832,48.61199951,64107000
2023-12-19,48.84000015,49.61399841,48.40599823,49.50199890,38490000
2023-12-20,49.20000076,50.08900070,48.83900070,48.92699814,45637000
2023-12-21,49.26599884,49.43999863,48.67699814,49.16099930,27562000
2023-12-22,49.40000153,49.60200119,48.54499817,48.67599869,27027000
2023-12-26,48.93899918,49.14799881,48.63800049,49.11899948,20345000
2023-12-27,49.12400055,49.40200043,48.92499924,49.17900085,25613000
2023-12-28,49.20000076,49.28900146,48.90700150,49.05099869,17105000
2023-12-29,49.03699875,49.22299957,48.19400024,48.68799973,27406000
2024-01-02,48.31900024,48.46500015,46.18600082,46.84999847,50494000
2024-01-03,46.73199844,47.50500107,46.57699966,47.02600098,34437000
2024-01-04,47.29800034,48.07400131,46.65299988,47.46699905,36365000
2024-01-05,47.65000153,47.95500183,47.18000031,47.40599823,26313000
2024-01-08,47.38899994,48.52399826,47.36500168,48.50299835,36758000
2024-01-09,47.55300140,48.50899887,47.38000107,48.20899963,35268000
2024-01-10,48.15999985,48.70000076,47.29499817,47.83300018,43424000
2024-01-11,49.25400162,50.34099960,48.38199997,49.22299957,79933000
2024-01-12,50.05099869,50.07899857,49.06100082,49.21599960,50037000
2024-01-16,49.00000000,49.41500092,47.80199814,48.12400055,46790000
2024-01-17,48.45000076,48.62099838,47.52600098,48.03300095,48946000
2024-01-18,48.00299835,48.57699966,47.80199814,48.53099823,40544000
2024-01-19,48.49800110,48.56700134,47.60599899,48.29499817,56724000
2024-01-22,48.75500107,48.97999954,47.99000168,48.57099915,52123000
2024-01-23,49.20000076,49.89599991,48.13999939,49.21900177,155060000
2024-01-24,53.77500153,56.25000000,53.70700073,54.48699951,264328000
2024-01-25,55.19499969,56.34600067,54.84600067,56.20000076,94519000
2024-01-26,56.18099976,57.96400070,55.84299850,57.04199982,127706000
2024-01-29,57.13499832,57.85499954,56.26800156,57.57899857,69054000
2024-01-30,56.73199844,57.08800125,56.08200073,56.28499985,61818000
2024-01-31,56.28499985,57.21500015,56.20399857,56.41099930,48576000
2024-02-01,56.70199966,57.26599884,56.38299942,56.75099945,31740000
2024-02-02,56.45199966,56.77999878,56.23699951,56.46400070,40328000
2024-02-05,56.24700165,57.57500076,55.72000122,56.20600128,41431000
2024-02-06,56.41199875,56.63399887,55.43700027,55.58800125,28403000
2024-02-07,55.81600189,56.77999878,55.49800110,55.93000031,43736000
2024-02-08,56.05500031,56.36999893,55.57400131,55.85300064,31755000
2024-02-09,56.50000000,56.59999847,55.81000137,56.13199997,30557000
2024-02-12,56.03599930,56.84400177,55.70000076,55.78499985,36085000
2024-02-13,55.08000183,55.91999817,54.90000153,55.45199966,35115000
2024-02-14,56.72600174,58.12500000,56.43399811,57.93299866,56342000
2024-02-15,58.19100189,59.37699890,58.03200150,59.34600067,52209000
2024-02-16,59.69499969,59.70000076,57.74599838,58.39500046,43257000
2024-02-20,58.01800156,58.59999847,56.96599960,57.51300049,31242000
2024-02-21,57.35100174,57.57799911,56.73199844,57.33499908,22706000
2024-02-22,58.27500153,59.08499908,57.88899994,58.84700012,35266000
2024-02-23,58.63999939,59.24300003,57.98199844,58.35599899,25689000
2024-02-26,58.35599899,59.07500076,58.32699966,58.76499939,23937000
2024-02-27,59.50000000,60.53599930,59.23300171,60.16699982,44894000
2024-02-28,59.57899857,59.81700134,59.00099945,59.64799881,26052000
2024-02-29,60.42499924,60.45199966,59.51599884,60.29199982,35721000
2024-03-01,59.98099899,62.02799988,59.95000076,61.93399811,42703000
2024-03-04,62.15599823,62.44200134,61.50799942,61.58300018,30203000
2024-03-05,61.00999832,61.09099960,59.20000076,59.84999847,38496000
2024-03-06,60.29899979,60.79299927,59.35599899,59.76900101,24696000
2024-03-07,59.93399811,61.05300140,59.59000015,60.85100174,27428000
2024-03-08,60.82699966,61.60900116,60.08399963,60.48199844,27772000
2024-03-11,60.80799866,61.09999847,60.03699875,60.09299850,25009000
2024-03-12,60.02099991,61.52999878,59.62699890,61.10800171,28216000
2024-03-13,61.33700180,61.48500061,60.72100067,60.94499969,21921000
2024-03-14,61.50000000,62.08000183,60.73500061,61.30099869,31205000
2024-03-15,62.29199982,62.29199982,60.38199997,60.58800125,66716000
2024-03-18,61.35599899,62.74100113,61.04499817,61.83900070,33442000
2024-03-19,61.56200027,62.12799835,60.79999924,62.07400131,21426000
2024-03-20,61.99499893,62.95100021,61.83399963,62.76900101,26395000
2024-03-21,63.06499863,63.43600082,62.23300171,62.27099991,25077000
2024-03-22,62.41600037,62.90499878,62.09999847,62.80099869,21357000
2024-03-25,62.79000092,63.04600143,62.31600189,62.74599838,18033000
2024-03-26,62.52000046,63.43899918,61.91799927,62.92399979,28045000
2024-03-27,62.90100098,63.13499832,61.07300186,61.35300064,26283000
2024-03-28,61.49900055,61.50000000,60.15900040,60.73300171,37088000
2024-04-01,60.79999924,61.51100159,60.55699921,61.43099976,21159000
2024-04-02,61.09999847,61.50299835,60.55099869,61.42100143,20292000
2024-04-03,61.27500153,63.04100037,61.15000153,63.00799942,29312000
2024-04-04,63.32099915,63.79999924,61.65800095,61.71400070,30643000
2024-04-05,62.49200058,63.79100037,62.27099991,63.61800003,33788000
2024-04-08,63.63899994,63.90000153,62.81100082,62.84099960,21457000
2024-04-09,63.19900131,63.19900131,61.56299973,61.81999969,21436000
2024-04-10,61.09700012,62.01399994,60.93399811,61.85800171,28062000
2024-04-11,62.44200134,63.16600037,61.72399902,62.87799835,26627000
2024-04-12,62.82300186,63.31200027,61.89199829,62.28300095,29593000
2024-04-15,63.01699829,63.01699829,60.38700104,60.71500015,30854000
2024-04-16,60.75000000,62.24499893,60.75000000,61.75199890,35191000
2024-04-17,62.09700012,62.09700012,60.77099991,61.36899948,33122000
2024-04-18,61.20999908,62.13299942,60.54299927,61.05599976,84684000
2024-04-19,56.78799820,57.90000153,55.21599960,55.50400162,164497000
2024-04-22,55.06600189,55.86100006,54.20100021,55.45999908,85977000
2024-04-23,55.64899826,57.92100143,55.52799988,57.77500153,49755000
2024-04-24,57.43099976,57.69100189,55.13000107,55.51200104,53553000
2024-04-25,54.94599915,56.65399933,54.57099915,56.47999954,38071000
2024-04-26,55.82099915,56.29199982,55.31900024,56.12300110,43326000
2024-04-29,55.91799927,55.96400070,55.42399979,55.94900131,25089000
2024-04-30,56.00000000,56.00000000,54.93799973,55.06399918,33615000
2024-05-01,54.78400040,56.03900146,54.42499924,55.17100143,34732000
2024-05-02,55.60200119,56.54600143,55.55899811,56.51499939,30682000
2024-05-03,56.59999847,58.02600098,56.51599884,57.93399811,33075000
2024-05-06,58.18199921,59.73400116,58.02500153,59.69699860,36863000
2024-05-07,59.62799835,60.60499954,59.13199997,60.59999847,36141000
2024-05-08,60.16299820,61.82199860,60.16299820,60.94699860,30939000
2024-05-09,61.43999863,61.57199860,60.57500076,61.20899963,20654000
2024-05-10,61.90000153,62.39799881,60.50600052,61.08700180,26536000
2024-05-13,61.43000031,61.82199860,60.68299866,61.65900040,20862000
2024-05-14,61.51699829,62.14799881,60.84000015,61.36600113,27924000
2024-05-15,61.85699844,62.40999985,60.90999985,61.35200119,56706000
2024-05-16,61.57500076,61.83399963,60.90900040,61.05199814,30564000
2024-05-17,61.70000076,62.57899857,61.47100067,62.11000061,37827000
2024-05-20,62.04000092,64.43699646,61.95199966,64.08200073,38579000
2024-05-21,63.67599869,65.08799744,63.42200089,65.06099701,29202000
2024-05-22,64.71399689,64.92500305,63.81200027,64.04699707,21762000
2024-05-23,64.23400116,64.27100372,63.00000000,63.56700134,23139000
2024-05-24,63.93999863,65.19999695,63.75999832,64.67500305,26153000
2024-05-28,64.70500183,64.97499847,64.30300140,64.90000153,26095000
2024-05-29,64.41300201,66.42500305,64.38899994,65.46199799,36959000
2024-05-30,65.35199738,65.64900208,64.47299957,64.76599884,23889000
2024-05-31,64.40100098,64.85800171,62.83000183,64.16200256,40710000
2024-06-03,64.52200317,64.67800140,62.72700119,63.37900162,23235000
2024-06-04,63.37799835,63.52299881,62.64400101,63.16199875,30082000
2024-06-05,63.40200043,65.12500000,62.82500076,65.02700043,26826000
2024-06-06,64.48899841,65.79900360,64.42400360,64.85199738,24667000
2024-06-07,64.93800354,65.04000092,64.02400208,64.14700317,18766000
2024-06-10,64.10099792,64.47899628,63.55899811,64.44999695,20644000
2024-06-11,64.07199860,65.01899719,64.05200195,64.85500336,21674000
2024-06-12,65.22100067,65.57800293,64.31099701,65.00599670,20944000
2024-06-13,64.40000153,65.52500153,64.23500061,65.32599640,18636000
2024-06-14,65.50499725,67.55799866,65.26399994,66.93800354,44471000
2024-06-17,66.91100311,68.27100372,66.51100159,67.58300018,36312000
2024-06-18,67.56300354,68.70600128,67.46399689,68.56700134,29438000
2024-06-20,68.18000031,68.98799896,67.37200165,67.90299988,25851000
2024-06-21,68.32599640,68.69000244,67.80999756,68.61199951,45064000
2024-06-24,68.50000000,68.55000305,66.44999695,66.90200043,39163000
2024-06-25,67.34400177,67.36699677,66.23000336,67.24099731,22706000
2024-06-26,67.24099731,68.29599762,67.00199890,67.76899719,35458000
2024-06-27,67.93499756,68.85700226,67.81400299,68.43399811,24048000
2024-06-28,67.90000153,68.69999695,67.30799866,67.48799896,34124000
2024-07-01,67.48899841,67.50199890,66.37799835,67.36100006,22128000
2024-07-02,67.35399628,68.17400360,67.00700378,67.95800018,24114000
2024-07-03,67.74800110,68.37500000,67.55000305,68.25099945,14035000
2024-07-05,68.25099945,69.74900055,67.72299957,69.06500244,26591000
2024-07-08,68.69999695,68.88600159,68.14900208,68.57399750,19308000
2024-07-09,69.00000000,69.52700043,68.47200012,68.57399750,25961000
2024-07-10,68.50199890,68.72200012,67.31600189,67.76499939,26519000
2024-07-11,67.24900055,67.24900055,64.74400330,65.27500153,51066000
2024-07-12,65.27500153,65.59200287,64.37100220,64.76000214,33552000
2024-07-15,64.75000000,66.75399780,64.66300201,65.64499664,32088000
2024-07-16,66.18000031,66.36799622,64.91300201,65.63200378,26857000
2024-07-17,65.00000000,65.04499817,63.94699860,64.74600220,40173000
2024-07-18,65.66000366,65.70400238,63.91699982,64.30400085,75758000
2024-07-19,66.06400299,67.89700317,62.91199875,63.33399963,98156000
2024-07-22,63.95000076,65.62899780,63.25999832,64.75000000,52191000
2024-07-23,64.75000000,64.99099731,64.09999847,64.27600098,24636000
2024-07-24,63.57400131,65.24199677,63.26699829,63.59899902,48882000
2024-07-25,64.09999847,64.99800110,62.16999817,63.40900040,45545000
2024-07-26,64.50000000,64.69899750,62.97700119,63.13700104,31207000
2024-07-29,63.46099854,63.46099854,62.39300156,62.69599915,24005000
2024-07-30,63.01699829,63.46900177,61.70000076,62.25799942,34966000
2024-07-31,62.65700150,63.36000061,62.25799942,62.83499908,31349000
2024-08-01,62.92499924,64.67099762,61.76100159,62.48500061,37206000
2024-08-02,62.09799957,62.52700043,60.83499908,61.36399841,35230000
2024-08-05,58.70399857,60.45600128,58.70399857,59.85499954,40442000
2024-08-06,60.06200027,62.24499893,60.06200027,60.95700073,43191000
2024-08-07,61.60699844,63.20000076,61.06399918,61.14799881,31878000
2024-08-08,62.19900131,63.22900009,61.60200119,63.03499985,32835000
2024-08-09,62.29899979,63.66199875,62.29899979,63.39400101,19808000
2024-08-12,63.09999847,63.90000153,62.70700073,63.31399918,23317000
2024-08-13,63.85599899,65.09700012,63.54999924,64.80200195,26396000
2024-08-14,64.87000275,66.35700226,64.87000275,66.16799927,40143000
2024-08-15,66.84899902,67.31900024,65.98000336,66.32199860,32102000
2024-08-16,66.94300079,68.02300262,66.53600311,67.40699768,35110000
2024-08-19,67.40699768,68.88400269,67.29100037,68.85299683,30162000
2024-08-20,68.88600159,71.13300323,68.82499695,69.85399628,48131000
2024-08-21,69.69999695,70.09999847,69.13800049,69.71199799,22353000
2024-08-22,69.09999847,70.15000153,68.62400055,68.89600372,27294000
2024-08-23,69.41300201,69.60700226,67.86299896,68.67299652,23545000
2024-08-26,68.72599792,69.05899811,68.16400146,68.84400177,13542000
2024-08-27,68.85299683,70.78900146,68.69200134,69.57199860,31649000
2024-08-28,69.58300018,69.66699982,67.70999908,68.38400269,24306000
2024-08-29,69.00000000,69.98000336,68.60700226,69.24800110,21870000
2024-08-30,70.03600311,70.18599701,68.81600189,70.13500214,32667000
2024-09-03,70.01000214,70.38600159,67.10099792,67.53199768,31610000
2024-09-04,67.33100128,68.46499634,67.30599976,67.96800232,17853000
2024-09-05,67.31400299,68.73100281,67.18599701,68.36199951,18101000
2024-09-06,68.18599701,68.31500244,66.23400116,66.57700348,29913000
2024-09-09,67.40000153,68.34999847,67.21399689,67.54199982,26831000
2024-09-10,67.68699646,68.05899811,66.58100128,67.36199951,20792000
2024-09-11,67.74600220,68.29699707,66.08000183,68.14700317,23919000
2024-09-12,68.49199677,69.48799896,68.22000122,68.68000031,25821000
2024-09-13,68.00099945,69.96399689,68.00000000,69.70600128,22765000
2024-09-16,70.00000000,70.30200195,68.86299896,69.65000153,18437000
2024-09-17,70.08200073,70.76300049,69.83699799,70.69100189,22986000
2024-09-18,70.75499725,70.75499725,68.80000305,69.04699707,29844000
2024-09-19,70.50000000,71.56600189,69.53700256,70.43199921,42285000
2024-09-20,70.55500031,70.66699982,69.63099670,70.10299683,39981000
2024-09-23,70.23899841,71.22499847,69.91600037,70.53700256,32243000
2024-09-24,70.66300201,72.24400330,70.44499969,72.22599792,35657000
2024-09-25,72.09999847,72.51200104,71.62100220,72.15599823,22598000
2024-09-26,72.47299957,72.52600098,70.17199707,71.14299774,28330000
2024-09-27,70.83599854,71.07099915,70.12500000,70.73500061,23956000
2024-09-30,70.69999695,71.12100220,70.28199768,70.92700195,17099000
2024-10-01,71.36399841,71.77600098,69.85900116,70.61299896,28135000
2024-10-02,70.61299896,71.62100220,70.46900177,71.10900116,17582000
2024-10-03,70.42600250,70.88099670,70.00000000,70.68000031,22564000
2024-10-04,71.33200073,72.10099792,70.88200378,71.97000122,22290000
2024-10-07,71.47599792,71.58799744,69.64299774,70.19200134,33605000
2024-10-08,70.38800049,72.50599670,70.35500336,72.17600250,31874000
2024-10-09,71.92500305,72.85900116,71.88700104,72.74299622,19811000
2024-10-10,72.32900238,73.38500214,72.25000000,73.02899933,27679000
2024-10-11,73.48999786,73.59999847,72.12200165,72.27899933,22995000
2024-10-14,72.50000000,72.66200256,71.13099670,71.30000305,27971000
2024-10-15,71.25099945,71.33999634,69.97799683,70.59799957,29328000
2024-10-16,70.34300232,70.55899811,69.78199768,70.19999695,24943000
2024-10-17,70.43499756,70.44100189,67.78800201,68.76499939,89267000
2024-10-18,73.76399994,76.62799835,73.62300110,76.38899994,159741000
2024-10-21,76.57599640,77.30000305,75.66000366,77.20700073,60571000
2024-10-22,76.52700043,76.97000122,76.11199951,76.42400360,29873000
2024-10-23,76.28299713,76.37899780,74.42600250,74.92900085,37490000
2024-10-24,75.19699860,75.58200073,74.62500000,75.45500183,26430000
2024-10-25,75.61699677,76.84999847,75.35299683,75.46800232,28195000
2024-10-28,75.86799622,75.86799622,74.78800201,74.91200256,28624000
2024-10-29,75.11299896,76.38800049,74.80100250,75.94400024,36604000
2024-10-30,75.80799866,75.97899628,75.22799683,75.37400055,17220000
2024-10-31,75.39299774,76.07900238,75.22299957,75.60299683,30577000
2024-11-01,75.34799957,76.37999725,74.77700043,75.61000061,29968000
2024-11-04,75.31400299,76.24800110,74.96900177,75.55100250,19022000
2024-11-05,75.73500061,76.75299835,75.62699890,76.39099884,22006000
2024-11-06,77.15000153,78.14900208,75.73799896,78.02100372,36908000
2024-11-07,78.13700104,79.82199860,77.99400330,79.65399933,32951000
2024-11-08,79.73600006,79.90599823,78.86499786,79.50399780,19106000
2024-11-11,79.58999634,80.68199921,79.55699921,80.54399872,23992000
2024-11-12,80.75000000,82.03700256,80.37500000,81.94999695,28141000
2024-11-13,82.26200104,83.69899750,82.05400085,83.04699707,27678000
2024-11-14,83.36699677,84.09999847,83.00199890,83.72599792,30382000
2024-11-15,83.20400238,83.20400238,81.64900208,82.39600372,36737000
2024-11-18,81.55000305,84.84500122,80.93299866,84.70500183,40812000
2024-11-19,83.97499847,87.44899750,83.91600037,87.13200378,38142000
2024-11-20,87.99800110,89.05999756,86.83999634,88.38500214,40938000
2024-11-21,88.39299774,90.80000305,87.72399902,89.74800110,45113000
2024-11-22,89.59999847,90.59999847,89.30000305,89.77899933,32140000
2024-11-25,90.20500183,90.20500183,86.42199707,86.55899811,60142000
2024-11-26,86.74900055,88.63600159,86.72499847,87.26000214,31383000
2024-11-27,87.20600128,88.09500122,85.89099884,87.73400116,25782000
2024-11-29,88.21700287,89.24099731,87.66799927,88.68099976,20272000
2024-12-02,88.75099945,90.23400116,88.41200256,89.77400208,23890000
2024-12-03,89.43599701,90.26899719,88.80300140,90.21700287,24016000
2024-12-04,89.80500031,91.59700012,89.80500031,91.10600281,26896000
2024-12-05,91.78500366,92.69999695,91.11100006,91.78700256,28353000
2024-12-06,91.52300262,93.52700043,91.27100372,93.47399902,29554000
2024-12-09,92.80000305,93.02999878,90.25900269,91.36900330,33501000
2024-12-10,91.37599945,92.28800201,90.95800018,91.33499908,23886000
2024-12-11,92.47100067,94.17500305,92.30799866,93.65599823,35017000
2024-12-12,93.33499908,93.40899658,92.26000214,92.55500031,24862000
2024-12-13,91.68099976,92.55500031,90.96099854,91.88700104,24858000
2024-12-16,92.39399719,92.89399719,91.94999695,92.10800171,26749000
2024-12-17,92.15399933,92.84500122,91.64199829,91.91300201,24595000
2024-12-18,91.91300201,92.24400330,88.65599823,88.95500183,29382000
2024-12-19,90.81800079,91.26200104,89.90000153,90.20400238,28155000
2024-12-20,89.32099915,91.99199677,89.04900360,90.90499878,45305000
2024-12-23,91.34200287,91.50000000,89.91000366,91.14499664,23394000
2024-12-24,91.50000000,93.58499908,91.16999817,93.21199799,23203000
2024-12-26,92.83999634,93.04900360,91.52999878,92.41400146,23403000
2024-12-27,91.60099792,91.81300354,89.44999695,90.75499725,32262000
2024-12-30,89.45099640,90.82299805,88.97100067,90.04299927,22030000
2024-12-31,90.18000031,90.26799774,88.94699860,89.13200378,18759000
